country_iso3,country_name,year,value,unit,variant_code,variant_label,source_dataset
ARG,Argentina,1984,12.008144039063781,,NV.MNF.TXTL.ZS.UN,Textiles and clothing (% of value added in manufacturing),wdi
ARG,Argentina,1985,10.310001725427043,,NV.MNF.TXTL.ZS.UN,Textiles and clothing (% of value added in manufacturing),wdi
ARG,Argentina,1986,11.049857506205376,,NV.MNF.TXTL.ZS.UN,Textiles and clothing (% of value added in manufacturing),wdi
ARG,Argentina,1987,10.430003456619426,,NV.MNF.TXTL.ZS.UN,Textiles and clothing (% of value added in manufacturing),wdi
ARG,Argentina,1988,10.620166250532854,,NV.MNF.TXTL.ZS.UN,Textiles and clothing (% of value added in manufacturing),wdi
ARG,Argentina,1989,10.290015767896563,,NV.MNF.TXTL.ZS.UN,Textiles and clothing (% of value added in manufacturing),wdi
ARG,Argentina,1990,10.359998025211468,,NV.MNF.TXTL.ZS.UN,Textiles and clothing (% of value added in manufacturing),wdi
ARG,Argentina,1993,9.115934925505414,,NV.MNF.TXTL.ZS.UN,Textiles and clothing (% of value added in manufacturing),wdi
ARG,Argentina,1994,7.883157553204036,,NV.MNF.TXTL.ZS.UN,Textiles and clothing (% of value added in manufacturing),wdi
ARG,Argentina,1995,7.148801674465023,,NV.MNF.TXTL.ZS.UN,Textiles and clothing (% of value added in manufacturing),wdi
ARG,Argentina,1996,7.084681671090426,,NV.MNF.TXTL.ZS.UN,Textiles and clothing (% of value added in manufacturing),wdi
ARG,Argentina,1997,8.463512868567172,,NV.MNF.TXTL.ZS.UN,Textiles and clothing (% of value added in manufacturing),wdi
ARG,Argentina,1998,8.257944045587715,,NV.MNF.TXTL.ZS.UN,Textiles and clothing (% of value added in manufacturing),wdi
ARG,Argentina,1999,8.41683366733467,,NV.MNF.TXTL.ZS.UN,Textiles and clothing (% of value added in manufacturing),wdi
ARG,Argentina,2000,8.009436516223847,,NV.MNF.TXTL.ZS.UN,Textiles and clothing (% of value added in manufacturing),wdi
ARG,Argentina,2001,7.1775272310338245,,NV.MNF.TXTL.ZS.UN,Textiles and clothing (% of value added in manufacturing),wdi
ARG,Argentina,2002,5.668883409300356,,NV.MNF.TXTL.ZS.UN,Textiles and clothing (% of value added in manufacturing),wdi
ARG,Argentina,2004,9.053726212857311,,NV.MNF.TXTL.ZS.UN,Textiles and clothing (% of value added in manufacturing),wdi
ARG,Argentina,2005,9.228493287620076,,NV.MNF.TXTL.ZS.UN,Textiles and clothing (% of value added in manufacturing),wdi
ARG,Argentina,2006,8.783232633709906,,NV.MNF.TXTL.ZS.UN,Textiles and clothing (% of value added in manufacturing),wdi
ARG,Argentina,2007,8.63075928034378,,NV.MNF.TXTL.ZS.UN,Textiles and clothing (% of value added in manufacturing),wdi
ARG,Argentina,2008,7.842941272069455,,NV.MNF.TXTL.ZS.UN,Textiles and clothing (% of value added in manufacturing),wdi
ARG,Argentina,2009,8.10672813145168,,NV.MNF.TXTL.ZS.UN,Textiles and clothing (% of value added in manufacturing),wdi
ARG,Argentina,2010,8.208267533215292,,NV.MNF.TXTL.ZS.UN,Textiles and clothing (% of value added in manufacturing),wdi
ARG,Argentina,2011,8.58689628116581,,NV.MNF.TXTL.ZS.UN,Textiles and clothing (% of value added in manufacturing),wdi
ARG,Argentina,2012,8.290156278143257,,NV.MNF.TXTL.ZS.UN,Textiles and clothing (% of value added in manufacturing),wdi
ARG,Argentina,2013,8.36902615991042,,NV.MNF.TXTL.ZS.UN,Textiles and clothing (% of value added in manufacturing),wdi
ARG,Argentina,2014,8.179015617074992,,NV.MNF.TXTL.ZS.UN,Textiles and clothing (% of value added in manufacturing),wdi
ARG,Argentina,2015,8.600841666132784,,NV.MNF.TXTL.ZS.UN,Textiles and clothing (% of value added in manufacturing),wdi
ARG,Argentina,2016,7.917743121382283,,NV.MNF.TXTL.ZS.UN,Textiles and clothing (% of value added in manufacturing),wdi
ARG,Argentina,2017,6.943393716682087,,NV.MNF.TXTL.ZS.UN,Textiles and clothing (% of value added in manufacturing),wdi
ARG,Argentina,2018,5.207384732931946,,NV.MNF.TXTL.ZS.UN,Textiles and clothing (% of value added in manufacturing),wdi
ARG,Argentina,2019,5.307305030087072,,NV.MNF.TXTL.ZS.UN,Textiles and clothing (% of value added in manufacturing),wdi
ARG,Argentina,2020,4.2105562238920555,,NV.MNF.TXTL.ZS.UN,Textiles and clothing (% of value added in manufacturing),wdi
ARG,Argentina,2021,5.2464294743482025,,NV.MNF.TXTL.ZS.UN,Textiles and clothing (% of value added in manufacturing),wdi
ARG,Argentina,2022,5.227079668879512,,NV.MNF.TXTL.ZS.UN,Textiles and clothing (% of value added in manufacturing),wdi
ARG,Argentina,2023,4.915509152715167,,NV.MNF.TXTL.ZS.UN,Textiles and clothing (% of value added in manufacturing),wdi
ARG,Argentina,2024,3.950883025255534,,NV.MNF.TXTL.ZS.UN,Textiles and clothing (% of value added in manufacturing),wdi
IRN,Iran,1963,30.031528144355956,,NV.MNF.TXTL.ZS.UN,Textiles and clothing (% of value added in manufacturing),wdi
IRN,Iran,1964,25.43051155515809,,NV.MNF.TXTL.ZS.UN,Textiles and clothing (% of value added in manufacturing),wdi
IRN,Iran,1965,35.05736478429538,,NV.MNF.TXTL.ZS.UN,Textiles and clothing (% of value added in manufacturing),wdi
IRN,Iran,1966,24.69821855527568,,NV.MNF.TXTL.ZS.UN,Textiles and clothing (% of value added in manufacturing),wdi
IRN,Iran,1967,26.017700727433397,,NV.MNF.TXTL.ZS.UN,Textiles and clothing (% of value added in manufacturing),wdi
IRN,Iran,1968,24.024729095137868,,NV.MNF.TXTL.ZS.UN,Textiles and clothing (% of value added in manufacturing),wdi
IRN,Iran,1969,21.72820289985116,,NV.MNF.TXTL.ZS.UN,Textiles and clothing (% of value added in manufacturing),wdi
IRN,Iran,1970,20.21059248782021,,NV.MNF.TXTL.ZS.UN,Textiles and clothing (% of value added in manufacturing),wdi
IRN,Iran,1971,18.968363136176066,,NV.MNF.TXTL.ZS.UN,Textiles and clothing (% of value added in manufacturing),wdi
IRN,Iran,1972,17.924036227417137,,NV.MNF.TXTL.ZS.UN,Textiles and clothing (% of value added in manufacturing),wdi
IRN,Iran,1973,17.311960542540074,,NV.MNF.TXTL.ZS.UN,Textiles and clothing (% of value added in manufacturing),wdi
IRN,Iran,1974,16.527232371521254,,NV.MNF.TXTL.ZS.UN,Textiles and clothing (% of value added in manufacturing),wdi
IRN,Iran,1975,16.30251312828207,,NV.MNF.TXTL.ZS.UN,Textiles and clothing (% of value added in manufacturing),wdi
IRN,Iran,1976,17.314639761900306,,NV.MNF.TXTL.ZS.UN,Textiles and clothing (% of value added in manufacturing),wdi
IRN,Iran,1977,16.43508234392953,,NV.MNF.TXTL.ZS.UN,Textiles and clothing (% of value added in manufacturing),wdi
IRN,Iran,1978,16.43508234403696,,NV.MNF.TXTL.ZS.UN,Textiles and clothing (% of value added in manufacturing),wdi
IRN,Iran,1979,17.956175523804145,,NV.MNF.TXTL.ZS.UN,Textiles and clothing (% of value added in manufacturing),wdi
IRN,Iran,1980,18.846120577804687,,NV.MNF.TXTL.ZS.UN,Textiles and clothing (% of value added in manufacturing),wdi
IRN,Iran,1981,24.22083817432655,,NV.MNF.TXTL.ZS.UN,Textiles and clothing (% of value added in manufacturing),wdi
IRN,Iran,1982,25.017513816455207,,NV.MNF.TXTL.ZS.UN,Textiles and clothing (% of value added in manufacturing),wdi
IRN,Iran,1983,23.133147875415915,,NV.MNF.TXTL.ZS.UN,Textiles and clothing (% of value added in manufacturing),wdi
IRN,Iran,1984,21.21616469691193,,NV.MNF.TXTL.ZS.UN,Textiles and clothing (% of value added in manufacturing),wdi
IRN,Iran,1985,21.229665117800415,,NV.MNF.TXTL.ZS.UN,Textiles and clothing (% of value added in manufacturing),wdi
IRN,Iran,1986,22.06962721499169,,NV.MNF.TXTL.ZS.UN,Textiles and clothing (% of value added in manufacturing),wdi
IRN,Iran,1987,21.54137033124525,,NV.MNF.TXTL.ZS.UN,Textiles and clothing (% of value added in manufacturing),wdi
IRN,Iran,1988,23.869987849331714,,NV.MNF.TXTL.ZS.UN,Textiles and clothing (% of value added in manufacturing),wdi
IRN,Iran,1989,22.206903343345317,,NV.MNF.TXTL.ZS.UN,Textiles and clothing (% of value added in manufacturing),wdi
IRN,Iran,1990,19.96381182147165,,NV.MNF.TXTL.ZS.UN,Textiles and clothing (% of value added in manufacturing),wdi
IRN,Iran,1991,16.696669666966695,,NV.MNF.TXTL.ZS.UN,Textiles and clothing (% of value added in manufacturing),wdi
IRN,Iran,1992,13.586682360854214,,NV.MNF.TXTL.ZS.UN,Textiles and clothing (% of value added in manufacturing),wdi
IRN,Iran,1993,12.095824060740936,,NV.MNF.TXTL.ZS.UN,Textiles and clothing (% of value added in manufacturing),wdi
IRN,Iran,1994,11.846191913107855,,NV.MNF.TXTL.ZS.UN,Textiles and clothing (% of value added in manufacturing),wdi
IRN,Iran,1995,12.25093496576449,,NV.MNF.TXTL.ZS.UN,Textiles and clothing (% of value added in manufacturing),wdi
IRN,Iran,1996,10.042308079793134,,NV.MNF.TXTL.ZS.UN,Textiles and clothing (% of value added in manufacturing),wdi
IRN,Iran,1997,8.81815946743324,,NV.MNF.TXTL.ZS.UN,Textiles and clothing (% of value added in manufacturing),wdi
IRN,Iran,1998,7.704282998055293,,NV.MNF.TXTL.ZS.UN,Textiles and clothing (% of value added in manufacturing),wdi
IRN,Iran,1999,6.796588104358974,,NV.MNF.TXTL.ZS.UN,Textiles and clothing (% of value added in manufacturing),wdi
IRN,Iran,2000,5.894964407437859,,NV.MNF.TXTL.ZS.UN,Textiles and clothing (% of value added in manufacturing),wdi
IRN,Iran,2001,5.4098939051598665,,NV.MNF.TXTL.ZS.UN,Textiles and clothing (% of value added in manufacturing),wdi
IRN,Iran,2002,5.18270059789388,,NV.MNF.TXTL.ZS.UN,Textiles and clothing (% of value added in manufacturing),wdi
IRN,Iran,2003,4.52898970993579,,NV.MNF.TXTL.ZS.UN,Textiles and clothing (% of value added in manufacturing),wdi
IRN,Iran,2004,3.984258791822083,,NV.MNF.TXTL.ZS.UN,Textiles and clothing (% of value added in manufacturing),wdi
IRN,Iran,2005,3.9525626450221876,,NV.MNF.TXTL.ZS.UN,Textiles and clothing (% of value added in manufacturing),wdi
IRN,Iran,2006,3.7168057288797076,,NV.MNF.TXTL.ZS.UN,Textiles and clothing (% of value added in manufacturing),wdi
IRN,Iran,2007,3.220091992768258,,NV.MNF.TXTL.ZS.UN,Textiles and clothing (% of value added in manufacturing),wdi
IRN,Iran,2008,3.124189279273826,,NV.MNF.TXTL.ZS.UN,Textiles and clothing (% of value added in manufacturing),wdi
IRN,Iran,2009,3.032415338193306,,NV.MNF.TXTL.ZS.UN,Textiles and clothing (% of value added in manufacturing),wdi
IRN,Iran,2010,3.0893442288804684,,NV.MNF.TXTL.ZS.UN,Textiles and clothing (% of value added in manufacturing),wdi
IRN,Iran,2011,2.8602779589054634,,NV.MNF.TXTL.ZS.UN,Textiles and clothing (% of value added in manufacturing),wdi
IRN,Iran,2012,2.7598986207291234,,NV.MNF.TXTL.ZS.UN,Textiles and clothing (% of value added in manufacturing),wdi
IRN,Iran,2013,2.627614544840936,,NV.MNF.TXTL.ZS.UN,Textiles and clothing (% of value added in manufacturing),wdi
IRN,Iran,2014,2.5760591103925927,,NV.MNF.TXTL.ZS.UN,Textiles and clothing (% of value added in manufacturing),wdi
IRN,Iran,2015,2.8851579566076553,,NV.MNF.TXTL.ZS.UN,Textiles and clothing (% of value added in manufacturing),wdi
IRN,Iran,2016,3.362168643736285,,NV.MNF.TXTL.ZS.UN,Textiles and clothing (% of value added in manufacturing),wdi
IRN,Iran,2017,3.1255866032808637,,NV.MNF.TXTL.ZS.UN,Textiles and clothing (% of value added in manufacturing),wdi
IRN,Iran,2018,3.1373906891475603,,NV.MNF.TXTL.ZS.UN,Textiles and clothing (% of value added in manufacturing),wdi
IRN,Iran,2019,2.8595212323601418,,NV.MNF.TXTL.ZS.UN,Textiles and clothing (% of value added in manufacturing),wdi
IRN,Iran,2020,2.8540763115567676,,NV.MNF.TXTL.ZS.UN,Textiles and clothing (% of value added in manufacturing),wdi
IRN,Iran,2021,2.802250541548714,,NV.MNF.TXTL.ZS.UN,Textiles and clothing (% of value added in manufacturing),wdi
IRN,Iran,2022,2.854076310687709,,NV.MNF.TXTL.ZS.UN,Textiles and clothing (% of value added in manufacturing),wdi
ITA,Italy,1967,12.54936724239824,,NV.MNF.TXTL.ZS.UN,Textiles and clothing (% of value added in manufacturing),wdi
ITA,Italy,1968,12.500018617979904,,NV.MNF.TXTL.ZS.UN,Textiles and clothing (% of value added in manufacturing),wdi
ITA,Italy,1969,13.331049578763404,,NV.MNF.TXTL.ZS.UN,Textiles and clothing (% of value added in manufacturing),wdi
ITA,Italy,1970,12.96908366955351,,NV.MNF.TXTL.ZS.UN,Textiles and clothing (% of value added in manufacturing),wdi
ITA,Italy,1971,12.887320028766721,,NV.MNF.TXTL.ZS.UN,Textiles and clothing (% of value added in manufacturing),wdi
ITA,Italy,1972,12.547237739795769,,NV.MNF.TXTL.ZS.UN,Textiles and clothing (% of value added in manufacturing),wdi
ITA,Italy,1973,12.653299854867594,,NV.MNF.TXTL.ZS.UN,Textiles and clothing (% of value added in manufacturing),wdi
ITA,Italy,1974,12.056314408485193,,NV.MNF.TXTL.ZS.UN,Textiles and clothing (% of value added in manufacturing),wdi
ITA,Italy,1975,11.794207356964867,,NV.MNF.TXTL.ZS.UN,Textiles and clothing (% of value added in manufacturing),wdi
ITA,Italy,1976,12.33977347835275,,NV.MNF.TXTL.ZS.UN,Textiles and clothing (% of value added in manufacturing),wdi
ITA,Italy,1977,12.86976886112953,,NV.MNF.TXTL.ZS.UN,Textiles and clothing (% of value added in manufacturing),wdi
ITA,Italy,1978,12.229140509114183,,NV.MNF.TXTL.ZS.UN,Textiles and clothing (% of value added in manufacturing),wdi
ITA,Italy,1979,12.794258686696045,,NV.MNF.TXTL.ZS.UN,Textiles and clothing (% of value added in manufacturing),wdi
ITA,Italy,1980,12.496540003616104,,NV.MNF.TXTL.ZS.UN,Textiles and clothing (% of value added in manufacturing),wdi
ITA,Italy,1981,12.201074925400874,,NV.MNF.TXTL.ZS.UN,Textiles and clothing (% of value added in manufacturing),wdi
ITA,Italy,1982,12.591710781582446,,NV.MNF.TXTL.ZS.UN,Textiles and clothing (% of value added in manufacturing),wdi
ITA,Italy,1983,13.55196442982989,,NV.MNF.TXTL.ZS.UN,Textiles and clothing (% of value added in manufacturing),wdi
ITA,Italy,1984,14.095363905747805,,NV.MNF.TXTL.ZS.UN,Textiles and clothing (% of value added in manufacturing),wdi
ITA,Italy,1985,14.219826821758769,,NV.MNF.TXTL.ZS.UN,Textiles and clothing (% of value added in manufacturing),wdi
ITA,Italy,1986,13.566873176494745,,NV.MNF.TXTL.ZS.UN,Textiles and clothing (% of value added in manufacturing),wdi
ITA,Italy,1987,13.859843190451363,,NV.MNF.TXTL.ZS.UN,Textiles and clothing (% of value added in manufacturing),wdi
ITA,Italy,1988,13.264328182860591,,NV.MNF.TXTL.ZS.UN,Textiles and clothing (% of value added in manufacturing),wdi
ITA,Italy,1989,13.007255014674795,,NV.MNF.TXTL.ZS.UN,Textiles and clothing (% of value added in manufacturing),wdi
ITA,Italy,1990,12.898704623610133,,NV.MNF.TXTL.ZS.UN,Textiles and clothing (% of value added in manufacturing),wdi
ITA,Italy,1991,13.513022317536263,,NV.MNF.TXTL.ZS.UN,Textiles and clothing (% of value added in manufacturing),wdi
ITA,Italy,1992,13.036850174325295,,NV.MNF.TXTL.ZS.UN,Textiles and clothing (% of value added in manufacturing),wdi
ITA,Italy,1993,13.348799726299626,,NV.MNF.TXTL.ZS.UN,Textiles and clothing (% of value added in manufacturing),wdi
ITA,Italy,1994,13.47548613034117,,NV.MNF.TXTL.ZS.UN,Textiles and clothing (% of value added in manufacturing),wdi
ITA,Italy,1995,14.05079012498154,,NV.MNF.TXTL.ZS.UN,Textiles and clothing (% of value added in manufacturing),wdi
ITA,Italy,1996,13.686428665426925,,NV.MNF.TXTL.ZS.UN,Textiles and clothing (% of value added in manufacturing),wdi
ITA,Italy,1997,13.011255150610113,,NV.MNF.TXTL.ZS.UN,Textiles and clothing (% of value added in manufacturing),wdi
ITA,Italy,1998,12.964185105061995,,NV.MNF.TXTL.ZS.UN,Textiles and clothing (% of value added in manufacturing),wdi
ITA,Italy,1999,12.749094896734029,,NV.MNF.TXTL.ZS.UN,Textiles and clothing (% of value added in manufacturing),wdi
ITA,Italy,2000,12.476338816791522,,NV.MNF.TXTL.ZS.UN,Textiles and clothing (% of value added in manufacturing),wdi
ITA,Italy,2001,12.420532318405627,,NV.MNF.TXTL.ZS.UN,Textiles and clothing (% of value added in manufacturing),wdi
ITA,Italy,2002,11.99725707367894,,NV.MNF.TXTL.ZS.UN,Textiles and clothing (% of value added in manufacturing),wdi
ITA,Italy,2003,11.149079327934034,,NV.MNF.TXTL.ZS.UN,Textiles and clothing (% of value added in manufacturing),wdi
ITA,Italy,2004,10.854864564462348,,NV.MNF.TXTL.ZS.UN,Textiles and clothing (% of value added in manufacturing),wdi
ITA,Italy,2005,10.110332515806242,,NV.MNF.TXTL.ZS.UN,Textiles and clothing (% of value added in manufacturing),wdi
ITA,Italy,2006,9.949043572346786,,NV.MNF.TXTL.ZS.UN,Textiles and clothing (% of value added in manufacturing),wdi
ITA,Italy,2007,9.980597200322086,,NV.MNF.TXTL.ZS.UN,Textiles and clothing (% of value added in manufacturing),wdi
ITA,Italy,2008,9.05915008375461,,NV.MNF.TXTL.ZS.UN,Textiles and clothing (% of value added in manufacturing),wdi
ITA,Italy,2009,9.071225209269345,,NV.MNF.TXTL.ZS.UN,Textiles and clothing (% of value added in manufacturing),wdi
ITA,Italy,2010,9.08174714411232,,NV.MNF.TXTL.ZS.UN,Textiles and clothing (% of value added in manufacturing),wdi
ITA,Italy,2011,9.581318060391123,,NV.MNF.TXTL.ZS.UN,Textiles and clothing (% of value added in manufacturing),wdi
ITA,Italy,2012,9.319732108692325,,NV.MNF.TXTL.ZS.UN,Textiles and clothing (% of value added in manufacturing),wdi
ITA,Italy,2013,9.55073724289742,,NV.MNF.TXTL.ZS.UN,Textiles and clothing (% of value added in manufacturing),wdi
ITA,Italy,2014,9.85137701578158,,NV.MNF.TXTL.ZS.UN,Textiles and clothing (% of value added in manufacturing),wdi
ITA,Italy,2015,9.439045407479238,,NV.MNF.TXTL.ZS.UN,Textiles and clothing (% of value added in manufacturing),wdi
ITA,Italy,2016,9.143548714703059,,NV.MNF.TXTL.ZS.UN,Textiles and clothing (% of value added in manufacturing),wdi
ITA,Italy,2017,9.107512036382328,,NV.MNF.TXTL.ZS.UN,Textiles and clothing (% of value added in manufacturing),wdi
ITA,Italy,2018,8.983025520639925,,NV.MNF.TXTL.ZS.UN,Textiles and clothing (% of value added in manufacturing),wdi
ITA,Italy,2019,9.32935027810508,,NV.MNF.TXTL.ZS.UN,Textiles and clothing (% of value added in manufacturing),wdi
ITA,Italy,2020,7.935504113326197,,NV.MNF.TXTL.ZS.UN,Textiles and clothing (% of value added in manufacturing),wdi
ITA,Italy,2021,8.443906357335287,,NV.MNF.TXTL.ZS.UN,Textiles and clothing (% of value added in manufacturing),wdi
ITA,Italy,2022,8.705762533497236,,NV.MNF.TXTL.ZS.UN,Textiles and clothing (% of value added in manufacturing),wdi
ITA,Italy,2023,8.606159639523336,,NV.MNF.TXTL.ZS.UN,Textiles and clothing (% of value added in manufacturing),wdi
KOR,South Korea,1963,20.195439739413683,,NV.MNF.TXTL.ZS.UN,Textiles and clothing (% of value added in manufacturing),wdi
KOR,South Korea,1964,18.57483679836405,,NV.MNF.TXTL.ZS.UN,Textiles and clothing (% of value added in manufacturing),wdi
KOR,South Korea,1965,20.179372197309416,,NV.MNF.TXTL.ZS.UN,Textiles and clothing (% of value added in manufacturing),wdi
KOR,South Korea,1966,19.35897435897436,,NV.MNF.TXTL.ZS.UN,Textiles and clothing (% of value added in manufacturing),wdi
KOR,South Korea,1967,23.63914524009278,,NV.MNF.TXTL.ZS.UN,Textiles and clothing (% of value added in manufacturing),wdi
KOR,South Korea,1968,19.96001332889037,,NV.MNF.TXTL.ZS.UN,Textiles and clothing (% of value added in manufacturing),wdi
KOR,South Korea,1969,18.741159830268742,,NV.MNF.TXTL.ZS.UN,Textiles and clothing (% of value added in manufacturing),wdi
KOR,South Korea,1970,17.119912392772406,,NV.MNF.TXTL.ZS.UN,Textiles and clothing (% of value added in manufacturing),wdi
KOR,South Korea,1971,17.57267441860465,,NV.MNF.TXTL.ZS.UN,Textiles and clothing (% of value added in manufacturing),wdi
KOR,South Korea,1972,20.638274213276993,,NV.MNF.TXTL.ZS.UN,Textiles and clothing (% of value added in manufacturing),wdi
KOR,South Korea,1973,21.798404641044236,,NV.MNF.TXTL.ZS.UN,Textiles and clothing (% of value added in manufacturing),wdi
KOR,South Korea,1974,19.73919713628228,,NV.MNF.TXTL.ZS.UN,Textiles and clothing (% of value added in manufacturing),wdi
KOR,South Korea,1975,22.55089863667595,,NV.MNF.TXTL.ZS.UN,Textiles and clothing (% of value added in manufacturing),wdi
KOR,South Korea,1976,22.536870260852496,,NV.MNF.TXTL.ZS.UN,Textiles and clothing (% of value added in manufacturing),wdi
KOR,South Korea,1977,19.569761832442957,,NV.MNF.TXTL.ZS.UN,Textiles and clothing (% of value added in manufacturing),wdi
KOR,South Korea,1978,20.027585533462716,,NV.MNF.TXTL.ZS.UN,Textiles and clothing (% of value added in manufacturing),wdi
KOR,South Korea,1979,19.31696676788846,,NV.MNF.TXTL.ZS.UN,Textiles and clothing (% of value added in manufacturing),wdi
KOR,South Korea,1980,19.490596272244243,,NV.MNF.TXTL.ZS.UN,Textiles and clothing (% of value added in manufacturing),wdi
KOR,South Korea,1981,19.793915520798137,,NV.MNF.TXTL.ZS.UN,Textiles and clothing (% of value added in manufacturing),wdi
KOR,South Korea,1982,17.822931181258266,,NV.MNF.TXTL.ZS.UN,Textiles and clothing (% of value added in manufacturing),wdi
KOR,South Korea,1983,16.629208110175973,,NV.MNF.TXTL.ZS.UN,Textiles and clothing (% of value added in manufacturing),wdi
KOR,South Korea,1984,16.646385981990754,,NV.MNF.TXTL.ZS.UN,Textiles and clothing (% of value added in manufacturing),wdi
KOR,South Korea,1985,16.496989191008716,,NV.MNF.TXTL.ZS.UN,Textiles and clothing (% of value added in manufacturing),wdi
KOR,South Korea,1986,16.660178821239587,,NV.MNF.TXTL.ZS.UN,Textiles and clothing (% of value added in manufacturing),wdi
KOR,South Korea,1987,16.421563794123447,,NV.MNF.TXTL.ZS.UN,Textiles and clothing (% of value added in manufacturing),wdi
KOR,South Korea,1988,15.34537858601672,,NV.MNF.TXTL.ZS.UN,Textiles and clothing (% of value added in manufacturing),wdi
KOR,South Korea,1989,14.028386831948115,,NV.MNF.TXTL.ZS.UN,Textiles and clothing (% of value added in manufacturing),wdi
KOR,South Korea,1990,13.815612857647475,,NV.MNF.TXTL.ZS.UN,Textiles and clothing (% of value added in manufacturing),wdi
KOR,South Korea,1991,13.423176224051497,,NV.MNF.TXTL.ZS.UN,Textiles and clothing (% of value added in manufacturing),wdi
KOR,South Korea,1992,13.308408489721105,,NV.MNF.TXTL.ZS.UN,Textiles and clothing (% of value added in manufacturing),wdi
KOR,South Korea,1993,12.786229647171568,,NV.MNF.TXTL.ZS.UN,Textiles and clothing (% of value added in manufacturing),wdi
KOR,South Korea,1994,11.457867205703087,,NV.MNF.TXTL.ZS.UN,Textiles and clothing (% of value added in manufacturing),wdi
KOR,South Korea,1995,10.18068473304944,,NV.MNF.TXTL.ZS.UN,Textiles and clothing (% of value added in manufacturing),wdi
KOR,South Korea,1996,9.518069522891123,,NV.MNF.TXTL.ZS.UN,Textiles and clothing (% of value added in manufacturing),wdi
KOR,South Korea,1997,8.800141367732815,,NV.MNF.TXTL.ZS.UN,Textiles and clothing (% of value added in manufacturing),wdi
KOR,South Korea,1998,8.646941997250089,,NV.MNF.TXTL.ZS.UN,Textiles and clothing (% of value added in manufacturing),wdi
KOR,South Korea,1999,8.409103350801495,,NV.MNF.TXTL.ZS.UN,Textiles and clothing (% of value added in manufacturing),wdi
KOR,South Korea,2000,8.003117209823769,,NV.MNF.TXTL.ZS.UN,Textiles and clothing (% of value added in manufacturing),wdi
KOR,South Korea,2001,7.807556048354382,,NV.MNF.TXTL.ZS.UN,Textiles and clothing (% of value added in manufacturing),wdi
KOR,South Korea,2002,7.0514143273381595,,NV.MNF.TXTL.ZS.UN,Textiles and clothing (% of value added in manufacturing),wdi
KOR,South Korea,2003,6.584342836145869,,NV.MNF.TXTL.ZS.UN,Textiles and clothing (% of value added in manufacturing),wdi
KOR,South Korea,2004,5.50049028701667,,NV.MNF.TXTL.ZS.UN,Textiles and clothing (% of value added in manufacturing),wdi
KOR,South Korea,2005,5.291998222466615,,NV.MNF.TXTL.ZS.UN,Textiles and clothing (% of value added in manufacturing),wdi
KOR,South Korea,2006,4.8893100650333645,,NV.MNF.TXTL.ZS.UN,Textiles and clothing (% of value added in manufacturing),wdi
KOR,South Korea,2007,4.318396424139022,,NV.MNF.TXTL.ZS.UN,Textiles and clothing (% of value added in manufacturing),wdi
KOR,South Korea,2008,4.129075071093504,,NV.MNF.TXTL.ZS.UN,Textiles and clothing (% of value added in manufacturing),wdi
KOR,South Korea,2009,4.304637171971553,,NV.MNF.TXTL.ZS.UN,Textiles and clothing (% of value added in manufacturing),wdi
KOR,South Korea,2010,4.280548280695806,,NV.MNF.TXTL.ZS.UN,Textiles and clothing (% of value added in manufacturing),wdi
KOR,South Korea,2011,3.785419533229786,,NV.MNF.TXTL.ZS.UN,Textiles and clothing (% of value added in manufacturing),wdi
KOR,South Korea,2012,3.5395162482101576,,NV.MNF.TXTL.ZS.UN,Textiles and clothing (% of value added in manufacturing),wdi
KOR,South Korea,2013,3.562518114627258,,NV.MNF.TXTL.ZS.UN,Textiles and clothing (% of value added in manufacturing),wdi
KOR,South Korea,2014,3.5404766613146768,,NV.MNF.TXTL.ZS.UN,Textiles and clothing (% of value added in manufacturing),wdi
KOR,South Korea,2015,3.463259838785394,,NV.MNF.TXTL.ZS.UN,Textiles and clothing (% of value added in manufacturing),wdi
KOR,South Korea,2016,3.4335383518883926,,NV.MNF.TXTL.ZS.UN,Textiles and clothing (% of value added in manufacturing),wdi
KOR,South Korea,2017,3.0797946490074555,,NV.MNF.TXTL.ZS.UN,Textiles and clothing (% of value added in manufacturing),wdi
KOR,South Korea,2018,2.903706994417761,,NV.MNF.TXTL.ZS.UN,Textiles and clothing (% of value added in manufacturing),wdi
KOR,South Korea,2019,2.910927968656232,,NV.MNF.TXTL.ZS.UN,Textiles and clothing (% of value added in manufacturing),wdi
KOR,South Korea,2020,3.032856821720286,,NV.MNF.TXTL.ZS.UN,Textiles and clothing (% of value added in manufacturing),wdi
KOR,South Korea,2021,2.728855187401173,,NV.MNF.TXTL.ZS.UN,Textiles and clothing (% of value added in manufacturing),wdi
KOR,South Korea,2022,2.601646542018847,,NV.MNF.TXTL.ZS.UN,Textiles and clothing (% of value added in manufacturing),wdi
KOR,South Korea,2023,2.6712384855619447,,NV.MNF.TXTL.ZS.UN,Textiles and clothing (% of value added in manufacturing),wdi
RUS,Russia,1993,7.377637766092978,,NV.MNF.TXTL.ZS.UN,Textiles and clothing (% of value added in manufacturing),wdi
RUS,Russia,1994,4.821829264208446,,NV.MNF.TXTL.ZS.UN,Textiles and clothing (% of value added in manufacturing),wdi
RUS,Russia,1995,3.976606869196791,,NV.MNF.TXTL.ZS.UN,Textiles and clothing (% of value added in manufacturing),wdi
RUS,Russia,1996,3.3086043033175985,,NV.MNF.TXTL.ZS.UN,Textiles and clothing (% of value added in manufacturing),wdi
RUS,Russia,1997,3.071775247897128,,NV.MNF.TXTL.ZS.UN,Textiles and clothing (% of value added in manufacturing),wdi
RUS,Russia,1998,2.7165881791470445,,NV.MNF.TXTL.ZS.UN,Textiles and clothing (% of value added in manufacturing),wdi
RUS,Russia,1999,2.6205186655518182,,NV.MNF.TXTL.ZS.UN,Textiles and clothing (% of value added in manufacturing),wdi
RUS,Russia,2000,2.156670725036729,,NV.MNF.TXTL.ZS.UN,Textiles and clothing (% of value added in manufacturing),wdi
RUS,Russia,2001,2.129346126541261,,NV.MNF.TXTL.ZS.UN,Textiles and clothing (% of value added in manufacturing),wdi
RUS,Russia,2002,1.6593816610689265,,NV.MNF.TXTL.ZS.UN,Textiles and clothing (% of value added in manufacturing),wdi
RUS,Russia,2003,2.158463765607978,,NV.MNF.TXTL.ZS.UN,Textiles and clothing (% of value added in manufacturing),wdi
RUS,Russia,2004,2.376693778029638,,NV.MNF.TXTL.ZS.UN,Textiles and clothing (% of value added in manufacturing),wdi
RUS,Russia,2005,1.7688351362495243,,NV.MNF.TXTL.ZS.UN,Textiles and clothing (% of value added in manufacturing),wdi
RUS,Russia,2006,1.9697003029876086,,NV.MNF.TXTL.ZS.UN,Textiles and clothing (% of value added in manufacturing),wdi
RUS,Russia,2007,2.0006368781909796,,NV.MNF.TXTL.ZS.UN,Textiles and clothing (% of value added in manufacturing),wdi
RUS,Russia,2008,1.8712022114134312,,NV.MNF.TXTL.ZS.UN,Textiles and clothing (% of value added in manufacturing),wdi
RUS,Russia,2009,2.0239590927250033,,NV.MNF.TXTL.ZS.UN,Textiles and clothing (% of value added in manufacturing),wdi
RUS,Russia,2010,1.7442338490089138,,NV.MNF.TXTL.ZS.UN,Textiles and clothing (% of value added in manufacturing),wdi
RUS,Russia,2011,1.8248500346678096,,NV.MNF.TXTL.ZS.UN,Textiles and clothing (% of value added in manufacturing),wdi
RUS,Russia,2012,1.6813178792787826,,NV.MNF.TXTL.ZS.UN,Textiles and clothing (% of value added in manufacturing),wdi
RUS,Russia,2013,1.877264872656227,,NV.MNF.TXTL.ZS.UN,Textiles and clothing (% of value added in manufacturing),wdi
RUS,Russia,2014,1.748731600705633,,NV.MNF.TXTL.ZS.UN,Textiles and clothing (% of value added in manufacturing),wdi
RUS,Russia,2015,1.6595967829176717,,NV.MNF.TXTL.ZS.UN,Textiles and clothing (% of value added in manufacturing),wdi
RUS,Russia,2016,1.7475237462687094,,NV.MNF.TXTL.ZS.UN,Textiles and clothing (% of value added in manufacturing),wdi
RUS,Russia,2017,1.9018250682147468,,NV.MNF.TXTL.ZS.UN,Textiles and clothing (% of value added in manufacturing),wdi
RUS,Russia,2018,1.7192630628926933,,NV.MNF.TXTL.ZS.UN,Textiles and clothing (% of value added in manufacturing),wdi
RUS,Russia,2019,1.6675028532581169,,NV.MNF.TXTL.ZS.UN,Textiles and clothing (% of value added in manufacturing),wdi
RUS,Russia,2020,1.70282998763273,,NV.MNF.TXTL.ZS.UN,Textiles and clothing (% of value added in manufacturing),wdi
RUS,Russia,2021,1.6444139501613115,,NV.MNF.TXTL.ZS.UN,Textiles and clothing (% of value added in manufacturing),wdi
RUS,Russia,2022,1.9344141262636605,,NV.MNF.TXTL.ZS.UN,Textiles and clothing (% of value added in manufacturing),wdi
RUS,Russia,2023,1.8389878910276714,,NV.MNF.TXTL.ZS.UN,Textiles and clothing (% of value added in manufacturing),wdi
SAU,Saudi Arabia,1989,0.5895840157222404,,NV.MNF.TXTL.ZS.UN,Textiles and clothing (% of value added in manufacturing),wdi
SAU,Saudi Arabia,2002,2.124686152825809,,NV.MNF.TXTL.ZS.UN,Textiles and clothing (% of value added in manufacturing),wdi
SAU,Saudi Arabia,2003,2.4283249131998588,,NV.MNF.TXTL.ZS.UN,Textiles and clothing (% of value added in manufacturing),wdi
SAU,Saudi Arabia,2004,2.5317179106183563,,NV.MNF.TXTL.ZS.UN,Textiles and clothing (% of value added in manufacturing),wdi
SAU,Saudi Arabia,2005,3.397027600849257,,NV.MNF.TXTL.ZS.UN,Textiles and clothing (% of value added in manufacturing),wdi
SAU,Saudi Arabia,2006,4.708306456499626,,NV.MNF.TXTL.ZS.UN,Textiles and clothing (% of value added in manufacturing),wdi
SAU,Saudi Arabia,2010,3.1256744134459704,,NV.MNF.TXTL.ZS.UN,Textiles and clothing (% of value added in manufacturing),wdi
SAU,Saudi Arabia,2011,3.1453004086537986,,NV.MNF.TXTL.ZS.UN,Textiles and clothing (% of value added in manufacturing),wdi
SAU,Saudi Arabia,2012,3.3813349897877454,,NV.MNF.TXTL.ZS.UN,Textiles and clothing (% of value added in manufacturing),wdi
SAU,Saudi Arabia,2013,3.555843623678158,,NV.MNF.TXTL.ZS.UN,Textiles and clothing (% of value added in manufacturing),wdi
SAU,Saudi Arabia,2014,3.647759483405139,,NV.MNF.TXTL.ZS.UN,Textiles and clothing (% of value added in manufacturing),wdi
SAU,Saudi Arabia,2015,3.804935004346863,,NV.MNF.TXTL.ZS.UN,Textiles and clothing (% of value added in manufacturing),wdi
SAU,Saudi Arabia,2016,3.790250351834459,,NV.MNF.TXTL.ZS.UN,Textiles and clothing (% of value added in manufacturing),wdi
SAU,Saudi Arabia,2017,2.855839159588916,,NV.MNF.TXTL.ZS.UN,Textiles and clothing (% of value added in manufacturing),wdi
SAU,Saudi Arabia,2018,2.710646648247798,,NV.MNF.TXTL.ZS.UN,Textiles and clothing (% of value added in manufacturing),wdi
SAU,Saudi Arabia,2019,3.4225788294660067,,NV.MNF.TXTL.ZS.UN,Textiles and clothing (% of value added in manufacturing),wdi
SAU,Saudi Arabia,2020,3.1614027681476404,,NV.MNF.TXTL.ZS.UN,Textiles and clothing (% of value added in manufacturing),wdi
SAU,Saudi Arabia,2021,2.7599861373023433,,NV.MNF.TXTL.ZS.UN,Textiles and clothing (% of value added in manufacturing),wdi
SAU,Saudi Arabia,2022,2.4251474846070957,,NV.MNF.TXTL.ZS.UN,Textiles and clothing (% of value added in manufacturing),wdi
ESP,Spain,1963,19.16132558351374,,NV.MNF.TXTL.ZS.UN,Textiles and clothing (% of value added in manufacturing),wdi
ESP,Spain,1964,18.383012932149253,,NV.MNF.TXTL.ZS.UN,Textiles and clothing (% of value added in manufacturing),wdi
ESP,Spain,1965,16.97723095069462,,NV.MNF.TXTL.ZS.UN,Textiles and clothing (% of value added in manufacturing),wdi
ESP,Spain,1966,16.92538697367952,,NV.MNF.TXTL.ZS.UN,Textiles and clothing (% of value added in manufacturing),wdi
ESP,Spain,1967,15.967270031324402,,NV.MNF.TXTL.ZS.UN,Textiles and clothing (% of value added in manufacturing),wdi
ESP,Spain,1968,14.967912006425237,,NV.MNF.TXTL.ZS.UN,Textiles and clothing (% of value added in manufacturing),wdi
ESP,Spain,1969,15.188577200109737,,NV.MNF.TXTL.ZS.UN,Textiles and clothing (% of value added in manufacturing),wdi
ESP,Spain,1970,15.053059020225215,,NV.MNF.TXTL.ZS.UN,Textiles and clothing (% of value added in manufacturing),wdi
ESP,Spain,1971,15.370518848671027,,NV.MNF.TXTL.ZS.UN,Textiles and clothing (% of value added in manufacturing),wdi
ESP,Spain,1972,14.952194877362313,,NV.MNF.TXTL.ZS.UN,Textiles and clothing (% of value added in manufacturing),wdi
ESP,Spain,1973,13.528232332791465,,NV.MNF.TXTL.ZS.UN,Textiles and clothing (% of value added in manufacturing),wdi
ESP,Spain,1974,12.125932917868532,,NV.MNF.TXTL.ZS.UN,Textiles and clothing (% of value added in manufacturing),wdi
ESP,Spain,1975,13.805343622968664,,NV.MNF.TXTL.ZS.UN,Textiles and clothing (% of value added in manufacturing),wdi
ESP,Spain,1976,14.260081351190895,,NV.MNF.TXTL.ZS.UN,Textiles and clothing (% of value added in manufacturing),wdi
ESP,Spain,1977,13.261182024641313,,NV.MNF.TXTL.ZS.UN,Textiles and clothing (% of value added in manufacturing),wdi
ESP,Spain,1978,11.698508751280135,,NV.MNF.TXTL.ZS.UN,Textiles and clothing (% of value added in manufacturing),wdi
ESP,Spain,1979,11.62464647748578,,NV.MNF.TXTL.ZS.UN,Textiles and clothing (% of value added in manufacturing),wdi
ESP,Spain,1980,11.504898435091826,,NV.MNF.TXTL.ZS.UN,Textiles and clothing (% of value added in manufacturing),wdi
ESP,Spain,1981,10.238380332755323,,NV.MNF.TXTL.ZS.UN,Textiles and clothing (% of value added in manufacturing),wdi
ESP,Spain,1982,9.771049909649774,,NV.MNF.TXTL.ZS.UN,Textiles and clothing (% of value added in manufacturing),wdi
ESP,Spain,1983,9.616520507693657,,NV.MNF.TXTL.ZS.UN,Textiles and clothing (% of value added in manufacturing),wdi
ESP,Spain,1984,9.646836812643551,,NV.MNF.TXTL.ZS.UN,Textiles and clothing (% of value added in manufacturing),wdi
ESP,Spain,1985,9.199562174059137,,NV.MNF.TXTL.ZS.UN,Textiles and clothing (% of value added in manufacturing),wdi
ESP,Spain,1986,8.959071451781252,,NV.MNF.TXTL.ZS.UN,Textiles and clothing (% of value added in manufacturing),wdi
ESP,Spain,1987,8.449178906105537,,NV.MNF.TXTL.ZS.UN,Textiles and clothing (% of value added in manufacturing),wdi
ESP,Spain,1988,8.339966552903832,,NV.MNF.TXTL.ZS.UN,Textiles and clothing (% of value added in manufacturing),wdi
ESP,Spain,1989,7.960341706511224,,NV.MNF.TXTL.ZS.UN,Textiles and clothing (% of value added in manufacturing),wdi
ESP,Spain,1990,7.9265920796521545,,NV.MNF.TXTL.ZS.UN,Textiles and clothing (% of value added in manufacturing),wdi
ESP,Spain,1991,7.75009449347995,,NV.MNF.TXTL.ZS.UN,Textiles and clothing (% of value added in manufacturing),wdi
ESP,Spain,1992,7.270814479443565,,NV.MNF.TXTL.ZS.UN,Textiles and clothing (% of value added in manufacturing),wdi
ESP,Spain,1993,7.821457640957909,,NV.MNF.TXTL.ZS.UN,Textiles and clothing (% of value added in manufacturing),wdi
ESP,Spain,1994,7.532695719808376,,NV.MNF.TXTL.ZS.UN,Textiles and clothing (% of value added in manufacturing),wdi
ESP,Spain,1995,7.101743258661125,,NV.MNF.TXTL.ZS.UN,Textiles and clothing (% of value added in manufacturing),wdi
ESP,Spain,1996,7.235223547892403,,NV.MNF.TXTL.ZS.UN,Textiles and clothing (% of value added in manufacturing),wdi
ESP,Spain,1997,7.155001556770244,,NV.MNF.TXTL.ZS.UN,Textiles and clothing (% of value added in manufacturing),wdi
ESP,Spain,1998,7.21147144143639,,NV.MNF.TXTL.ZS.UN,Textiles and clothing (% of value added in manufacturing),wdi
ESP,Spain,1999,7.13060032512656,,NV.MNF.TXTL.ZS.UN,Textiles and clothing (% of value added in manufacturing),wdi
ESP,Spain,2000,6.675228786794621,,NV.MNF.TXTL.ZS.UN,Textiles and clothing (% of value added in manufacturing),wdi
ESP,Spain,2001,6.596588802193954,,NV.MNF.TXTL.ZS.UN,Textiles and clothing (% of value added in manufacturing),wdi
ESP,Spain,2002,6.14152849995815,,NV.MNF.TXTL.ZS.UN,Textiles and clothing (% of value added in manufacturing),wdi
ESP,Spain,2003,5.962355546050055,,NV.MNF.TXTL.ZS.UN,Textiles and clothing (% of value added in manufacturing),wdi
ESP,Spain,2004,5.304878001326531,,NV.MNF.TXTL.ZS.UN,Textiles and clothing (% of value added in manufacturing),wdi
ESP,Spain,2005,4.642035157767724,,NV.MNF.TXTL.ZS.UN,Textiles and clothing (% of value added in manufacturing),wdi
ESP,Spain,2006,4.485292535824547,,NV.MNF.TXTL.ZS.UN,Textiles and clothing (% of value added in manufacturing),wdi
ESP,Spain,2007,4.150388206418003,,NV.MNF.TXTL.ZS.UN,Textiles and clothing (% of value added in manufacturing),wdi
ESP,Spain,2008,4.1930513987197,,NV.MNF.TXTL.ZS.UN,Textiles and clothing (% of value added in manufacturing),wdi
ESP,Spain,2009,4.388809804883498,,NV.MNF.TXTL.ZS.UN,Textiles and clothing (% of value added in manufacturing),wdi
ESP,Spain,2010,4.104060763973032,,NV.MNF.TXTL.ZS.UN,Textiles and clothing (% of value added in manufacturing),wdi
ESP,Spain,2011,4.007228447561782,,NV.MNF.TXTL.ZS.UN,Textiles and clothing (% of value added in manufacturing),wdi
ESP,Spain,2012,3.9735285764319053,,NV.MNF.TXTL.ZS.UN,Textiles and clothing (% of value added in manufacturing),wdi
ESP,Spain,2013,4.012833081472084,,NV.MNF.TXTL.ZS.UN,Textiles and clothing (% of value added in manufacturing),wdi
ESP,Spain,2014,3.79309539158619,,NV.MNF.TXTL.ZS.UN,Textiles and clothing (% of value added in manufacturing),wdi
ESP,Spain,2015,3.7927752923632365,,NV.MNF.TXTL.ZS.UN,Textiles and clothing (% of value added in manufacturing),wdi
ESP,Spain,2016,3.643440591473918,,NV.MNF.TXTL.ZS.UN,Textiles and clothing (% of value added in manufacturing),wdi
ESP,Spain,2017,3.6134512916653887,,NV.MNF.TXTL.ZS.UN,Textiles and clothing (% of value added in manufacturing),wdi
ESP,Spain,2018,3.3641198058168897,,NV.MNF.TXTL.ZS.UN,Textiles and clothing (% of value added in manufacturing),wdi
ESP,Spain,2019,3.2030013090069565,,NV.MNF.TXTL.ZS.UN,Textiles and clothing (% of value added in manufacturing),wdi
ESP,Spain,2020,3.1288608008869407,,NV.MNF.TXTL.ZS.UN,Textiles and clothing (% of value added in manufacturing),wdi
ESP,Spain,2021,2.952044387833966,,NV.MNF.TXTL.ZS.UN,Textiles and clothing (% of value added in manufacturing),wdi
ESP,Spain,2022,2.027936331471035,,NV.MNF.TXTL.ZS.UN,Textiles and clothing (% of value added in manufacturing),wdi
ESP,Spain,2023,2.9868720673508915,,NV.MNF.TXTL.ZS.UN,Textiles and clothing (% of value added in manufacturing),wdi
TUR,Turkey,1963,23.007518796992482,,NV.MNF.TXTL.ZS.UN,Textiles and clothing (% of value added in manufacturing),wdi
TUR,Turkey,1964,22.532588454376164,,NV.MNF.TXTL.ZS.UN,Textiles and clothing (% of value added in manufacturing),wdi
TUR,Turkey,1965,18.767249310027598,,NV.MNF.TXTL.ZS.UN,Textiles and clothing (% of value added in manufacturing),wdi
TUR,Turkey,1966,18.2161753590325,,NV.MNF.TXTL.ZS.UN,Textiles and clothing (% of value added in manufacturing),wdi
TUR,Turkey,1967,15.420835785756326,,NV.MNF.TXTL.ZS.UN,Textiles and clothing (% of value added in manufacturing),wdi
TUR,Turkey,1968,15.87467362924282,,NV.MNF.TXTL.ZS.UN,Textiles and clothing (% of value added in manufacturing),wdi
TUR,Turkey,1969,15.118013061140537,,NV.MNF.TXTL.ZS.UN,Textiles and clothing (% of value added in manufacturing),wdi
TUR,Turkey,1970,14.523258261418647,,NV.MNF.TXTL.ZS.UN,Textiles and clothing (% of value added in manufacturing),wdi
TUR,Turkey,1971,16.033947540796856,,NV.MNF.TXTL.ZS.UN,Textiles and clothing (% of value added in manufacturing),wdi
TUR,Turkey,1972,17.073636016787486,,NV.MNF.TXTL.ZS.UN,Textiles and clothing (% of value added in manufacturing),wdi
TUR,Turkey,1973,15.899581589958158,,NV.MNF.TXTL.ZS.UN,Textiles and clothing (% of value added in manufacturing),wdi
TUR,Turkey,1974,14.970139349701395,,NV.MNF.TXTL.ZS.UN,Textiles and clothing (% of value added in manufacturing),wdi
TUR,Turkey,1975,14.27920227920228,,NV.MNF.TXTL.ZS.UN,Textiles and clothing (% of value added in manufacturing),wdi
TUR,Turkey,1976,16.671109926241893,,NV.MNF.TXTL.ZS.UN,Textiles and clothing (% of value added in manufacturing),wdi
TUR,Turkey,1977,15.823772995723303,,NV.MNF.TXTL.ZS.UN,Textiles and clothing (% of value added in manufacturing),wdi
TUR,Turkey,1978,16.855821773854558,,NV.MNF.TXTL.ZS.UN,Textiles and clothing (% of value added in manufacturing),wdi
TUR,Turkey,1979,18.015873015873016,,NV.MNF.TXTL.ZS.UN,Textiles and clothing (% of value added in manufacturing),wdi
TUR,Turkey,1980,15.254854368932039,,NV.MNF.TXTL.ZS.UN,Textiles and clothing (% of value added in manufacturing),wdi
TUR,Turkey,1981,12.445909746548526,,NV.MNF.TXTL.ZS.UN,Textiles and clothing (% of value added in manufacturing),wdi
TUR,Turkey,1982,12.59065568108935,,NV.MNF.TXTL.ZS.UN,Textiles and clothing (% of value added in manufacturing),wdi
TUR,Turkey,1983,14.388159266208048,,NV.MNF.TXTL.ZS.UN,Textiles and clothing (% of value added in manufacturing),wdi
TUR,Turkey,1984,15.53774485691965,,NV.MNF.TXTL.ZS.UN,Textiles and clothing (% of value added in manufacturing),wdi
TUR,Turkey,1985,14.302214221131667,,NV.MNF.TXTL.ZS.UN,Textiles and clothing (% of value added in manufacturing),wdi
TUR,Turkey,1986,12.179903674597528,,NV.MNF.TXTL.ZS.UN,Textiles and clothing (% of value added in manufacturing),wdi
TUR,Turkey,1987,15.938456184109398,,NV.MNF.TXTL.ZS.UN,Textiles and clothing (% of value added in manufacturing),wdi
TUR,Turkey,1988,14.769108129140015,,NV.MNF.TXTL.ZS.UN,Textiles and clothing (% of value added in manufacturing),wdi
TUR,Turkey,1989,14.821229602472863,,NV.MNF.TXTL.ZS.UN,Textiles and clothing (% of value added in manufacturing),wdi
TUR,Turkey,1990,14.88957649964808,,NV.MNF.TXTL.ZS.UN,Textiles and clothing (% of value added in manufacturing),wdi
TUR,Turkey,1991,14.343992529888103,,NV.MNF.TXTL.ZS.UN,Textiles and clothing (% of value added in manufacturing),wdi
TUR,Turkey,1992,15.678896712098704,,NV.MNF.TXTL.ZS.UN,Textiles and clothing (% of value added in manufacturing),wdi
TUR,Turkey,1993,14.686098654708521,,NV.MNF.TXTL.ZS.UN,Textiles and clothing (% of value added in manufacturing),wdi
TUR,Turkey,1994,17.350507778343527,,NV.MNF.TXTL.ZS.UN,Textiles and clothing (% of value added in manufacturing),wdi
TUR,Turkey,1995,16.682209469153513,,NV.MNF.TXTL.ZS.UN,Textiles and clothing (% of value added in manufacturing),wdi
TUR,Turkey,1996,17.228980905644892,,NV.MNF.TXTL.ZS.UN,Textiles and clothing (% of value added in manufacturing),wdi
TUR,Turkey,1997,17.08289340125414,,NV.MNF.TXTL.ZS.UN,Textiles and clothing (% of value added in manufacturing),wdi
TUR,Turkey,1998,17.59457040297502,,NV.MNF.TXTL.ZS.UN,Textiles and clothing (% of value added in manufacturing),wdi
TUR,Turkey,1999,15.527602227279209,,NV.MNF.TXTL.ZS.UN,Textiles and clothing (% of value added in manufacturing),wdi
TUR,Turkey,2000,15.74418409584655,,NV.MNF.TXTL.ZS.UN,Textiles and clothing (% of value added in manufacturing),wdi
TUR,Turkey,2001,17.592611270464072,,NV.MNF.TXTL.ZS.UN,Textiles and clothing (% of value added in manufacturing),wdi
TUR,Turkey,2002,26.576874802582793,,NV.MNF.TXTL.ZS.UN,Textiles and clothing (% of value added in manufacturing),wdi
TUR,Turkey,2003,24.003153583446363,,NV.MNF.TXTL.ZS.UN,Textiles and clothing (% of value added in manufacturing),wdi
TUR,Turkey,2004,21.50664761569545,,NV.MNF.TXTL.ZS.UN,Textiles and clothing (% of value added in manufacturing),wdi
TUR,Turkey,2005,19.399549848382247,,NV.MNF.TXTL.ZS.UN,Textiles and clothing (% of value added in manufacturing),wdi
TUR,Turkey,2006,18.74233732262269,,NV.MNF.TXTL.ZS.UN,Textiles and clothing (% of value added in manufacturing),wdi
TUR,Turkey,2007,17.371394355586023,,NV.MNF.TXTL.ZS.UN,Textiles and clothing (% of value added in manufacturing),wdi
TUR,Turkey,2008,15.468471452635685,,NV.MNF.TXTL.ZS.UN,Textiles and clothing (% of value added in manufacturing),wdi
TUR,Turkey,2009,16.270256941434063,,NV.MNF.TXTL.ZS.UN,Textiles and clothing (% of value added in manufacturing),wdi
TUR,Turkey,2010,16.487703970833266,,NV.MNF.TXTL.ZS.UN,Textiles and clothing (% of value added in manufacturing),wdi
TUR,Turkey,2011,16.740357646200167,,NV.MNF.TXTL.ZS.UN,Textiles and clothing (% of value added in manufacturing),wdi
TUR,Turkey,2012,17.083454381844742,,NV.MNF.TXTL.ZS.UN,Textiles and clothing (% of value added in manufacturing),wdi
TUR,Turkey,2013,17.7936131500714,,NV.MNF.TXTL.ZS.UN,Textiles and clothing (% of value added in manufacturing),wdi
TUR,Turkey,2014,17.738092502542152,,NV.MNF.TXTL.ZS.UN,Textiles and clothing (% of value added in manufacturing),wdi
TUR,Turkey,2015,17.20417723488961,,NV.MNF.TXTL.ZS.UN,Textiles and clothing (% of value added in manufacturing),wdi
TUR,Turkey,2016,16.888310438106156,,NV.MNF.TXTL.ZS.UN,Textiles and clothing (% of value added in manufacturing),wdi
TUR,Turkey,2017,16.430077703396947,,NV.MNF.TXTL.ZS.UN,Textiles and clothing (% of value added in manufacturing),wdi
TUR,Turkey,2018,16.316643474482078,,NV.MNF.TXTL.ZS.UN,Textiles and clothing (% of value added in manufacturing),wdi
TUR,Turkey,2019,17.00716418311075,,NV.MNF.TXTL.ZS.UN,Textiles and clothing (% of value added in manufacturing),wdi
TUR,Turkey,2020,16.09061886724875,,NV.MNF.TXTL.ZS.UN,Textiles and clothing (% of value added in manufacturing),wdi
TUR,Turkey,2021,15.243005694088188,,NV.MNF.TXTL.ZS.UN,Textiles and clothing (% of value added in manufacturing),wdi
TUR,Turkey,2022,14.474190552478571,,NV.MNF.TXTL.ZS.UN,Textiles and clothing (% of value added in manufacturing),wdi
TUR,Turkey,2023,12.86630138084771,,NV.MNF.TXTL.ZS.UN,Textiles and clothing (% of value added in manufacturing),wdi
TUR,Turkey,2024,13.45553265569449,,NV.MNF.TXTL.ZS.UN,Textiles and clothing (% of value added in manufacturing),wdi
USA,United States,1963,8.446439757778242,,NV.MNF.TXTL.ZS.UN,Textiles and clothing (% of value added in manufacturing),wdi
USA,United States,1964,8.396240198704524,,NV.MNF.TXTL.ZS.UN,Textiles and clothing (% of value added in manufacturing),wdi
USA,United States,1965,8.243315034531609,,NV.MNF.TXTL.ZS.UN,Textiles and clothing (% of value added in manufacturing),wdi
USA,United States,1966,7.94648936596307,,NV.MNF.TXTL.ZS.UN,Textiles and clothing (% of value added in manufacturing),wdi
USA,United States,1967,8.025872627066748,,NV.MNF.TXTL.ZS.UN,Textiles and clothing (% of value added in manufacturing),wdi
USA,United States,1968,8.13454366335937,,NV.MNF.TXTL.ZS.UN,Textiles and clothing (% of value added in manufacturing),wdi
USA,United States,1969,7.9746918869043695,,NV.MNF.TXTL.ZS.UN,Textiles and clothing (% of value added in manufacturing),wdi
USA,United States,1970,7.9811579193532225,,NV.MNF.TXTL.ZS.UN,Textiles and clothing (% of value added in manufacturing),wdi
USA,United States,1971,8.095253295878955,,NV.MNF.TXTL.ZS.UN,Textiles and clothing (% of value added in manufacturing),wdi
USA,United States,1972,8.03050059527184,,NV.MNF.TXTL.ZS.UN,Textiles and clothing (% of value added in manufacturing),wdi
USA,United States,1973,7.634419249430636,,NV.MNF.TXTL.ZS.UN,Textiles and clothing (% of value added in manufacturing),wdi
USA,United States,1974,6.969468358924293,,NV.MNF.TXTL.ZS.UN,Textiles and clothing (% of value added in manufacturing),wdi
USA,United States,1975,6.851645983165823,,NV.MNF.TXTL.ZS.UN,Textiles and clothing (% of value added in manufacturing),wdi
USA,United States,1976,6.909619273891103,,NV.MNF.TXTL.ZS.UN,Textiles and clothing (% of value added in manufacturing),wdi
USA,United States,1977,6.822277525100833,,NV.MNF.TXTL.ZS.UN,Textiles and clothing (% of value added in manufacturing),wdi
USA,United States,1978,6.549310840133248,,NV.MNF.TXTL.ZS.UN,Textiles and clothing (% of value added in manufacturing),wdi
USA,United States,1979,5.980896597122399,,NV.MNF.TXTL.ZS.UN,Textiles and clothing (% of value added in manufacturing),wdi
USA,United States,1980,6.18391998960904,,NV.MNF.TXTL.ZS.UN,Textiles and clothing (% of value added in manufacturing),wdi
USA,United States,1981,6.0728842004315515,,NV.MNF.TXTL.ZS.UN,Textiles and clothing (% of value added in manufacturing),wdi
USA,United States,1982,6.0513120101260895,,NV.MNF.TXTL.ZS.UN,Textiles and clothing (% of value added in manufacturing),wdi
USA,United States,1983,6.152779041208042,,NV.MNF.TXTL.ZS.UN,Textiles and clothing (% of value added in manufacturing),wdi
USA,United States,1984,5.709769528859882,,NV.MNF.TXTL.ZS.UN,Textiles and clothing (% of value added in manufacturing),wdi
USA,United States,1985,5.329974709967484,,NV.MNF.TXTL.ZS.UN,Textiles and clothing (% of value added in manufacturing),wdi
USA,United States,1986,5.320528955062054,,NV.MNF.TXTL.ZS.UN,Textiles and clothing (% of value added in manufacturing),wdi
USA,United States,1987,5.44609425435765,,NV.MNF.TXTL.ZS.UN,Textiles and clothing (% of value added in manufacturing),wdi
USA,United States,1988,5.128595343174555,,NV.MNF.TXTL.ZS.UN,Textiles and clothing (% of value added in manufacturing),wdi
USA,United States,1989,5.012119910404713,,NV.MNF.TXTL.ZS.UN,Textiles and clothing (% of value added in manufacturing),wdi
USA,United States,1990,4.9141145593029325,,NV.MNF.TXTL.ZS.UN,Textiles and clothing (% of value added in manufacturing),wdi
USA,United States,1991,4.997060552616108,,NV.MNF.TXTL.ZS.UN,Textiles and clothing (% of value added in manufacturing),wdi
USA,United States,1992,5.0687201619102025,,NV.MNF.TXTL.ZS.UN,Textiles and clothing (% of value added in manufacturing),wdi
USA,United States,1993,4.981932353977379,,NV.MNF.TXTL.ZS.UN,Textiles and clothing (% of value added in manufacturing),wdi
USA,United States,1994,4.855651859491811,,NV.MNF.TXTL.ZS.UN,Textiles and clothing (% of value added in manufacturing),wdi
USA,United States,1995,4.543141233837702,,NV.MNF.TXTL.ZS.UN,Textiles and clothing (% of value added in manufacturing),wdi
USA,United States,1996,4.543141233765611,,NV.MNF.TXTL.ZS.UN,Textiles and clothing (% of value added in manufacturing),wdi
USA,United States,1997,4.190105204634898,,NV.MNF.TXTL.ZS.UN,Textiles and clothing (% of value added in manufacturing),wdi
USA,United States,1998,3.9118247417252796,,NV.MNF.TXTL.ZS.UN,Textiles and clothing (% of value added in manufacturing),wdi
USA,United States,1999,3.686943970828186,,NV.MNF.TXTL.ZS.UN,Textiles and clothing (% of value added in manufacturing),wdi
USA,United States,2000,3.427893465026339,,NV.MNF.TXTL.ZS.UN,Textiles and clothing (% of value added in manufacturing),wdi
USA,United States,2001,3.273095700593683,,NV.MNF.TXTL.ZS.UN,Textiles and clothing (% of value added in manufacturing),wdi
USA,United States,2002,2.9988081544563645,,NV.MNF.TXTL.ZS.UN,Textiles and clothing (% of value added in manufacturing),wdi
USA,United States,2003,2.891287059653728,,NV.MNF.TXTL.ZS.UN,Textiles and clothing (% of value added in manufacturing),wdi
USA,United States,2004,2.4538886455000677,,NV.MNF.TXTL.ZS.UN,Textiles and clothing (% of value added in manufacturing),wdi
USA,United States,2005,2.3401441407924795,,NV.MNF.TXTL.ZS.UN,Textiles and clothing (% of value added in manufacturing),wdi
USA,United States,2006,2.2252708402707313,,NV.MNF.TXTL.ZS.UN,Textiles and clothing (% of value added in manufacturing),wdi
USA,United States,2007,1.8592653112583832,,NV.MNF.TXTL.ZS.UN,Textiles and clothing (% of value added in manufacturing),wdi
USA,United States,2008,1.5803575032758927,,NV.MNF.TXTL.ZS.UN,Textiles and clothing (% of value added in manufacturing),wdi
USA,United States,2009,1.5121603630338758,,NV.MNF.TXTL.ZS.UN,Textiles and clothing (% of value added in manufacturing),wdi
USA,United States,2010,1.4595293474952036,,NV.MNF.TXTL.ZS.UN,Textiles and clothing (% of value added in manufacturing),wdi
USA,United States,2011,1.4120691079495467,,NV.MNF.TXTL.ZS.UN,Textiles and clothing (% of value added in manufacturing),wdi
USA,United States,2012,1.3164626506496029,,NV.MNF.TXTL.ZS.UN,Textiles and clothing (% of value added in manufacturing),wdi
USA,United States,2013,1.3231831253457875,,NV.MNF.TXTL.ZS.UN,Textiles and clothing (% of value added in manufacturing),wdi
USA,United States,2014,1.313187938857383,,NV.MNF.TXTL.ZS.UN,Textiles and clothing (% of value added in manufacturing),wdi
USA,United States,2015,1.2709490933321121,,NV.MNF.TXTL.ZS.UN,Textiles and clothing (% of value added in manufacturing),wdi
USA,United States,2016,1.25422670205477,,NV.MNF.TXTL.ZS.UN,Textiles and clothing (% of value added in manufacturing),wdi
USA,United States,2017,1.208002942873063,,NV.MNF.TXTL.ZS.UN,Textiles and clothing (% of value added in manufacturing),wdi
USA,United States,2018,1.1513348343293595,,NV.MNF.TXTL.ZS.UN,Textiles and clothing (% of value added in manufacturing),wdi
USA,United States,2019,1.1982686411464538,,NV.MNF.TXTL.ZS.UN,Textiles and clothing (% of value added in manufacturing),wdi
USA,United States,2020,1.17829730580984,,NV.MNF.TXTL.ZS.UN,Textiles and clothing (% of value added in manufacturing),wdi
USA,United States,2021,1.1143743678569131,,NV.MNF.TXTL.ZS.UN,Textiles and clothing (% of value added in manufacturing),wdi
USA,United States,2022,1.064387976913275,,NV.MNF.TXTL.ZS.UN,Textiles and clothing (% of value added in manufacturing),wdi
USA,United States,2023,0.9905911592401917,,NV.MNF.TXTL.ZS.UN,Textiles and clothing (% of value added in manufacturing),wdi
USA,United States,2024,0.9997570035060922,,NV.MNF.TXTL.ZS.UN,Textiles and clothing (% of value added in manufacturing),wdi
VEN,Venezuela,1963,10.243692964657335,,NV.MNF.TXTL.ZS.UN,Textiles and clothing (% of value added in manufacturing),wdi
VEN,Venezuela,1965,10.877510124916583,,NV.MNF.TXTL.ZS.UN,Textiles and clothing (% of value added in manufacturing),wdi
VEN,Venezuela,1967,10.980047218660435,,NV.MNF.TXTL.ZS.UN,Textiles and clothing (% of value added in manufacturing),wdi
VEN,Venezuela,1968,10.835730328224122,,NV.MNF.TXTL.ZS.UN,Textiles and clothing (% of value added in manufacturing),wdi
VEN,Venezuela,1969,13.189699251615302,,NV.MNF.TXTL.ZS.UN,Textiles and clothing (% of value added in manufacturing),wdi
VEN,Venezuela,1970,13.195952931336905,,NV.MNF.TXTL.ZS.UN,Textiles and clothing (% of value added in manufacturing),wdi
VEN,Venezuela,1971,13.501436323013086,,NV.MNF.TXTL.ZS.UN,Textiles and clothing (% of value added in manufacturing),wdi
VEN,Venezuela,1972,12.938417618270801,,NV.MNF.TXTL.ZS.UN,Textiles and clothing (% of value added in manufacturing),wdi
VEN,Venezuela,1973,10.62343246148334,,NV.MNF.TXTL.ZS.UN,Textiles and clothing (% of value added in manufacturing),wdi
VEN,Venezuela,1974,11.977731231396758,,NV.MNF.TXTL.ZS.UN,Textiles and clothing (% of value added in manufacturing),wdi
VEN,Venezuela,1975,10.923089591567853,,NV.MNF.TXTL.ZS.UN,Textiles and clothing (% of value added in manufacturing),wdi
VEN,Venezuela,1976,8.867991905725509,,NV.MNF.TXTL.ZS.UN,Textiles and clothing (% of value added in manufacturing),wdi
VEN,Venezuela,1977,9.43728487953254,,NV.MNF.TXTL.ZS.UN,Textiles and clothing (% of value added in manufacturing),wdi
VEN,Venezuela,1978,9.677582118169434,,NV.MNF.TXTL.ZS.UN,Textiles and clothing (% of value added in manufacturing),wdi
VEN,Venezuela,1979,7.698994633003251,,NV.MNF.TXTL.ZS.UN,Textiles and clothing (% of value added in manufacturing),wdi
VEN,Venezuela,1980,7.135953608247422,,NV.MNF.TXTL.ZS.UN,Textiles and clothing (% of value added in manufacturing),wdi
VEN,Venezuela,1981,7.4263388720736305,,NV.MNF.TXTL.ZS.UN,Textiles and clothing (% of value added in manufacturing),wdi
VEN,Venezuela,1982,7.83289817232376,,NV.MNF.TXTL.ZS.UN,Textiles and clothing (% of value added in manufacturing),wdi
VEN,Venezuela,1983,7.8689495504226565,,NV.MNF.TXTL.ZS.UN,Textiles and clothing (% of value added in manufacturing),wdi
VEN,Venezuela,1984,7.618060503983935,,NV.MNF.TXTL.ZS.UN,Textiles and clothing (% of value added in manufacturing),wdi
VEN,Venezuela,1985,7.673574589457126,,NV.MNF.TXTL.ZS.UN,Textiles and clothing (% of value added in manufacturing),wdi
VEN,Venezuela,1986,8.380671604228086,,NV.MNF.TXTL.ZS.UN,Textiles and clothing (% of value added in manufacturing),wdi
VEN,Venezuela,1987,8.272730770710686,,NV.MNF.TXTL.ZS.UN,Textiles and clothing (% of value added in manufacturing),wdi
VEN,Venezuela,1988,9.265992684742617,,NV.MNF.TXTL.ZS.UN,Textiles and clothing (% of value added in manufacturing),wdi
VEN,Venezuela,1989,6.452443349126735,,NV.MNF.TXTL.ZS.UN,Textiles and clothing (% of value added in manufacturing),wdi
VEN,Venezuela,1990,4.764740082798041,,NV.MNF.TXTL.ZS.UN,Textiles and clothing (% of value added in manufacturing),wdi
VEN,Venezuela,1991,5.5461827835272155,,NV.MNF.TXTL.ZS.UN,Textiles and clothing (% of value added in manufacturing),wdi
VEN,Venezuela,1992,5.238733908610285,,NV.MNF.TXTL.ZS.UN,Textiles and clothing (% of value added in manufacturing),wdi
VEN,Venezuela,1993,2.4806475171586,,NV.MNF.TXTL.ZS.UN,Textiles and clothing (% of value added in manufacturing),wdi
VEN,Venezuela,1994,4.5822203360211695,,NV.MNF.TXTL.ZS.UN,Textiles and clothing (% of value added in manufacturing),wdi
VEN,Venezuela,1995,4.421713098415368,,NV.MNF.TXTL.ZS.UN,Textiles and clothing (% of value added in manufacturing),wdi
VEN,Venezuela,1996,4.944312670268029,,NV.MNF.TXTL.ZS.UN,Textiles and clothing (% of value added in manufacturing),wdi
VEN,Venezuela,1997,2.9106415283769724,,NV.MNF.TXTL.ZS.UN,Textiles and clothing (% of value added in manufacturing),wdi
VEN,Venezuela,1998,2.4012607557246746,,NV.MNF.TXTL.ZS.UN,Textiles and clothing (% of value added in manufacturing),wdi
IRQ,Iraq,1963,13.64883401920439,,NV.MNF.TXTL.ZS.UN,Textiles and clothing (% of value added in manufacturing),wdi
IRQ,Iraq,1964,12.444530194867836,,NV.MNF.TXTL.ZS.UN,Textiles and clothing (% of value added in manufacturing),wdi
IRQ,Iraq,1965,12.220916568742656,,NV.MNF.TXTL.ZS.UN,Textiles and clothing (% of value added in manufacturing),wdi
IRQ,Iraq,1966,14.616472251679038,,NV.MNF.TXTL.ZS.UN,Textiles and clothing (% of value added in manufacturing),wdi
IRQ,Iraq,1967,14.802344233915157,,NV.MNF.TXTL.ZS.UN,Textiles and clothing (% of value added in manufacturing),wdi
IRQ,Iraq,1968,15.000150906950774,,NV.MNF.TXTL.ZS.UN,Textiles and clothing (% of value added in manufacturing),wdi
IRQ,Iraq,1969,14.697984680177505,,NV.MNF.TXTL.ZS.UN,Textiles and clothing (% of value added in manufacturing),wdi
IRQ,Iraq,1970,14.338187530264914,,NV.MNF.TXTL.ZS.UN,Textiles and clothing (% of value added in manufacturing),wdi
IRQ,Iraq,1971,20.497576736672052,,NV.MNF.TXTL.ZS.UN,Textiles and clothing (% of value added in manufacturing),wdi
IRQ,Iraq,1972,23.393344244408073,,NV.MNF.TXTL.ZS.UN,Textiles and clothing (% of value added in manufacturing),wdi
IRQ,Iraq,1973,19.366887664581192,,NV.MNF.TXTL.ZS.UN,Textiles and clothing (% of value added in manufacturing),wdi
IRQ,Iraq,1974,20.22531712942429,,NV.MNF.TXTL.ZS.UN,Textiles and clothing (% of value added in manufacturing),wdi
IRQ,Iraq,1975,17.15810879511947,,NV.MNF.TXTL.ZS.UN,Textiles and clothing (% of value added in manufacturing),wdi
IRQ,Iraq,1976,15.872115020809686,,NV.MNF.TXTL.ZS.UN,Textiles and clothing (% of value added in manufacturing),wdi
IRQ,Iraq,1977,16.71908367307319,,NV.MNF.TXTL.ZS.UN,Textiles and clothing (% of value added in manufacturing),wdi
IRQ,Iraq,1981,11.571993726895933,,NV.MNF.TXTL.ZS.UN,Textiles and clothing (% of value added in manufacturing),wdi
IRQ,Iraq,1982,11.57199370921079,,NV.MNF.TXTL.ZS.UN,Textiles and clothing (% of value added in manufacturing),wdi
IRQ,Iraq,1983,11.571993648600168,,NV.MNF.TXTL.ZS.UN,Textiles and clothing (% of value added in manufacturing),wdi
IRQ,Iraq,1984,11.57199376078176,,NV.MNF.TXTL.ZS.UN,Textiles and clothing (% of value added in manufacturing),wdi
IRQ,Iraq,1985,10.42889508996912,,NV.MNF.TXTL.ZS.UN,Textiles and clothing (% of value added in manufacturing),wdi
IRQ,Iraq,1986,9.278648248148096,,NV.MNF.TXTL.ZS.UN,Textiles and clothing (% of value added in manufacturing),wdi
IRQ,Iraq,1987,14.656746593498053,,NV.MNF.TXTL.ZS.UN,Textiles and clothing (% of value added in manufacturing),wdi
IRQ,Iraq,1991,15.624154942700736,,NV.MNF.TXTL.ZS.UN,Textiles and clothing (% of value added in manufacturing),wdi
IRQ,Iraq,1992,9.009868367529572,,NV.MNF.TXTL.ZS.UN,Textiles and clothing (% of value added in manufacturing),wdi
IRQ,Iraq,1993,9.009868377179018,,NV.MNF.TXTL.ZS.UN,Textiles and clothing (% of value added in manufacturing),wdi
IRQ,Iraq,1994,21.13862672092822,,NV.MNF.TXTL.ZS.UN,Textiles and clothing (% of value added in manufacturing),wdi
IRQ,Iraq,1995,28.86725512040449,,NV.MNF.TXTL.ZS.UN,Textiles and clothing (% of value added in manufacturing),wdi
IRQ,Iraq,1996,26.00252568926191,,NV.MNF.TXTL.ZS.UN,Textiles and clothing (% of value added in manufacturing),wdi
IRQ,Iraq,1997,15.244072796262726,,NV.MNF.TXTL.ZS.UN,Textiles and clothing (% of value added in manufacturing),wdi
IRQ,Iraq,1999,6.537276494205938,,NV.MNF.TXTL.ZS.UN,Textiles and clothing (% of value added in manufacturing),wdi
IRQ,Iraq,2000,5.047078174424119,,NV.MNF.TXTL.ZS.UN,Textiles and clothing (% of value added in manufacturing),wdi
IRQ,Iraq,2001,4.126653954991023,,NV.MNF.TXTL.ZS.UN,Textiles and clothing (% of value added in manufacturing),wdi
IRQ,Iraq,2002,0.8538666880596504,,NV.MNF.TXTL.ZS.UN,Textiles and clothing (% of value added in manufacturing),wdi
IRQ,Iraq,2003,0.8538666880211012,,NV.MNF.TXTL.ZS.UN,Textiles and clothing (% of value added in manufacturing),wdi
IRQ,Iraq,2004,0.8538666879461323,,NV.MNF.TXTL.ZS.UN,Textiles and clothing (% of value added in manufacturing),wdi
IRQ,Iraq,2005,0.8538666879760756,,NV.MNF.TXTL.ZS.UN,Textiles and clothing (% of value added in manufacturing),wdi
IRQ,Iraq,2006,0.8538666880578989,,NV.MNF.TXTL.ZS.UN,Textiles and clothing (% of value added in manufacturing),wdi
IRQ,Iraq,2007,1.7831095285895566,,NV.MNF.TXTL.ZS.UN,Textiles and clothing (% of value added in manufacturing),wdi
IRQ,Iraq,2008,1.260921897411286,,NV.MNF.TXTL.ZS.UN,Textiles and clothing (% of value added in manufacturing),wdi
IRQ,Iraq,2009,2.0955176734646406,,NV.MNF.TXTL.ZS.UN,Textiles and clothing (% of value added in manufacturing),wdi
IRQ,Iraq,2010,0.8039307785756342,,NV.MNF.TXTL.ZS.UN,Textiles and clothing (% of value added in manufacturing),wdi
IRQ,Iraq,2011,2.216031615942177,,NV.MNF.TXTL.ZS.UN,Textiles and clothing (% of value added in manufacturing),wdi
IRQ,Iraq,2012,1.6177800813623875,,NV.MNF.TXTL.ZS.UN,Textiles and clothing (% of value added in manufacturing),wdi
IRQ,Iraq,2013,0.8003526774032987,,NV.MNF.TXTL.ZS.UN,Textiles and clothing (% of value added in manufacturing),wdi
IRQ,Iraq,2014,0.07809894930861085,,NV.MNF.TXTL.ZS.UN,Textiles and clothing (% of value added in manufacturing),wdi
IRQ,Iraq,2015,1.448861748422923,,NV.MNF.TXTL.ZS.UN,Textiles and clothing (% of value added in manufacturing),wdi
IRQ,Iraq,2016,1.1454550276935898,,NV.MNF.TXTL.ZS.UN,Textiles and clothing (% of value added in manufacturing),wdi
IRQ,Iraq,2017,1.0868048351717974,,NV.MNF.TXTL.ZS.UN,Textiles and clothing (% of value added in manufacturing),wdi
IRQ,Iraq,2018,0.8560264252577567,,NV.MNF.TXTL.ZS.UN,Textiles and clothing (% of value added in manufacturing),wdi
IRQ,Iraq,2019,0.573618261074708,,NV.MNF.TXTL.ZS.UN,Textiles and clothing (% of value added in manufacturing),wdi
IRQ,Iraq,2020,2.0320046034504498,,NV.MNF.TXTL.ZS.UN,Textiles and clothing (% of value added in manufacturing),wdi
IRQ,Iraq,2021,0.814075865875709,,NV.MNF.TXTL.ZS.UN,Textiles and clothing (% of value added in manufacturing),wdi
IRQ,Iraq,2022,0.8582581361774878,,NV.MNF.TXTL.ZS.UN,Textiles and clothing (% of value added in manufacturing),wdi
