law_id	year	doc_type	score	title	path
f59a591ff1fc	2003	other	7	شاخص هاي ارزيابي علم و فناوري	/Users/rohamhosseini/Documents/scraper simple/laws_clean/general_laws/شاخص_هاي_ارزيابي_علم_و_فناوري_13701237830797524958.txt
1baf65dd4f9d	1983	law	7	قانون برقراري حقوق ازكارافتادگي و وظيفه  ... زاياي مجروحين جنگ تحميلي و انقلاب اسلامي	/Users/rohamhosseini/Documents/scraper simple/laws_clean/general_laws/قانون_برقراري_حقوق_ازكارافتادگي_و_وظيفه__..._زاياي_مجروحين_جنگ_تحميلي_و_انقلاب_اسلامي_3284664222140229189.txt
40cd61b7b083	1972	law	7	قانون متمم بودجه سال 1351 مجلس شوراي ملي	/Users/rohamhosseini/Documents/scraper simple/laws_clean/general_laws/قانون_متمم_بودجه_سال_1351_مجلس_شوراي_ملي_13168056206857541384.txt
314b1ac8200c	1975	law	7	قانون تأييدعمل دولت درموردتقليل حقوق گمركي  قطعات  منفصله  راديو تلويزيون	/Users/rohamhosseini/Documents/scraper simple/laws_clean/general_laws/قانون_تأييدعمل_دولت_درموردتقليل_حقوق_گمركي__قطعات__منفصله__راديو_تلويزيون_14276743082174638001.txt
6418e39fd649	1973	law	7	قانون مربوط به آزمايش متقاضيان پروانه ها ...  اي و ارزيابي ميزان تخصص و مهارت حرفه اي	/Users/rohamhosseini/Documents/scraper simple/laws_clean/general_laws/قانون_مربوط_به_آزمايش_متقاضيان_پروانه_ها_...__اي_و_ارزيابي_ميزان_تخصص_و_مهارت_حرفه_اي_2850553572288098373.txt
22ceea8afa33	2002	other	7	استمرار بهره مندي دانشگاه ها و مراكز آمو ... هشي از توانايي هاي علمي استادان بازنشسته	/Users/rohamhosseini/Documents/scraper simple/laws_clean/general_laws/استمرار_بهره_مندي_دانشگاه_ها_و_مراكز_آمو_..._هشي_از_توانايي_هاي_علمي_استادان_بازنشسته_11664493447364390221.txt
6d8f7e5f96e8	1941	law	7	قانون اجازه استخدام آقاي هانريش سدلر تابع آلمان براي چاپخانه مجلس	/Users/rohamhosseini/Documents/scraper simple/laws_clean/general_laws/قانون_اجازه_استخدام_آقاي_هانريش_سدلر_تابع_آلمان_براي_چاپخانه_مجلس_13554898104140207668.txt
fae9adbe6140	1969	law	7	تصميم متخذه كميسيون مشترك دارائي مجلسين  ... ول تبصره 29 قانون بودجه سال 1344 كل كشور	/Users/rohamhosseini/Documents/scraper simple/laws_clean/general_laws/تصميم_متخذه_كميسيون_مشترك_دارائي_مجلسين__..._ول_تبصره_29_قانون_بودجه_سال_1344_كل_كشور_4877910014688042212.txt
a3e8d1dbc34e	1964	law	7	قانون راجع به برقراري مستمري درباره اقاي آقاي  حسن پزشك زاد	/Users/rohamhosseini/Documents/scraper simple/laws_clean/general_laws/قانون_راجع_به_برقراري_مستمري_درباره_اقاي_آقاي__حسن_پزشك_زاد_12030263919197551523.txt
c9381e5afd88	1944	law	7	قانون ممنوعيت دولت از مذاكره و عقد قرارداد راجع بامتياز نفت با خارجيها	/Users/rohamhosseini/Documents/scraper simple/laws_clean/general_laws/قانون_ممنوعيت_دولت_از_مذاكره_و_عقد_قرارداد_راجع_بامتياز_نفت_با_خارجيها_9389410638307527247.txt
4a67069b9bc3	1991	law	7	قانون اصلاح بند ب تبصره 22 قانون بودجه سال 1370 كل كشور	/Users/rohamhosseini/Documents/scraper simple/laws_clean/general_laws/قانون_اصلاح_بند_ب_تبصره_22_قانون_بودجه_سال_1370_كل_كشور_12154610543683110018.txt
b2f40da7b944	1968	law	7	تصميم متخذه كميسيون مشترك دارائي مجلسين  ... ول تبصره 29 قانون بودجه سال 1344 كل كشور	/Users/rohamhosseini/Documents/scraper simple/laws_clean/general_laws/تصميم_متخذه_كميسيون_مشترك_دارائي_مجلسين__..._ول_تبصره_29_قانون_بودجه_سال_1344_كل_كشور_6404079551361310702.txt
acb29952c794	1955	other	7	تصميم قانوني داير باجازه تمديد استخدام شش نفر معلمين آلماني شاغل در دانشسراها	/Users/rohamhosseini/Documents/scraper simple/laws_clean/general_laws/تصميم_قانوني_داير_باجازه_تمديد_استخدام_شش_نفر_معلمين_آلماني_شاغل_در_دانشسراها_12005520342035553046.txt
2d9e3058e3c7	1988	law	7	قانون تأمین اعتبار جهت اجرای مواد ۱۰ و ۱۱ و ۵۷ و ۶۸ قانون دفاتر اسناد رسمی و کانون سردفتران و دفتریاران مصوب تیرماه ۱۳۵۴ با اصلاحات و الحاقات بعدی	/Users/rohamhosseini/Documents/scraper simple/laws_clean/general_laws/8425568653012419922_8425568653012419922.txt
525e233324b8	1967	decree	7	منتفي بودن تصويبنامه اختصاصي 6 درصد عوارض دروازه اي به جمعيت حمايت كودكان	/Users/rohamhosseini/Documents/scraper simple/laws_clean/general_laws/منتفي_بودن_تصويبنامه_اختصاصي_6_درصد_عوارض_دروازه_اي_به_جمعيت_حمايت_كودكان_7211847640473671711.txt
619874bf46b9	2000	law	7	قانون استفساريه ماده  29  قانون معادن مصوب 27  2  1377 مجلس شوراي اسلامي	/Users/rohamhosseini/Documents/scraper simple/laws_clean/general_laws/قانون_استفساريه_ماده__29__قانون_معادن_مصوب_27__2__1377_مجلس_شوراي_اسلامي_3157232943612020223.txt
31ae3379d285	1973	law	7	تصميم متخذه كميسيون مشترك دارائي مجلسين  ... ول تبصره 29 قانون بودجه سال 1344 كل كشور	/Users/rohamhosseini/Documents/scraper simple/laws_clean/general_laws/تصميم_متخذه_كميسيون_مشترك_دارائي_مجلسين__..._ول_تبصره_29_قانون_بودجه_سال_1344_كل_كشور_17340055202125985074.txt
c034cc5e2fff	1986	law	7	قانون الحاق چند ماده به قانون نظارت شورا ... نتخابات مجلس شوراي  اسلامي مصوب 1378 9 7	/Users/rohamhosseini/Documents/scraper simple/laws_clean/general_laws/قانون_الحاق_چند_ماده_به_قانون_نظارت_شورا_..._نتخابات_مجلس_شوراي__اسلامي_مصوب_1378_9_7_7911513994862740856.txt
4c015ec950dc	1953	other	7	لايحه قانوني معافيت كارگاههاي ريسندگي و بافندگي از پرداخت هر گونه ماليات وعوارض	/Users/rohamhosseini/Documents/scraper simple/laws_clean/general_laws/لايحه_قانوني_معافيت_كارگاههاي_ريسندگي_و_بافندگي_از_پرداخت_هر_گونه_ماليات_وعوارض_7109772166294696932.txt
a3a8bce93e05	1965	other	7	رد لايحه مربوط به معافيت حقوق و عوارض گم ... ن براي فروش به نفع پناهندگان وارد مي شود	/Users/rohamhosseini/Documents/scraper simple/laws_clean/general_laws/رد_لايحه_مربوط_به_معافيت_حقوق_و_عوارض_گم_..._ن_براي_فروش_به_نفع_پناهندگان_وارد_مي_شود_2473775002135870672.txt
a0e1f7c81955	1972	law	7	قانون اجازه الحاق دولت شاهنشاهي ايران بم ... بين المللي شماره 122 مربوط بسياست اشتغال	/Users/rohamhosseini/Documents/scraper simple/laws_clean/general_laws/قانون_اجازه_الحاق_دولت_شاهنشاهي_ايران_بم_..._بين_المللي_شماره_122_مربوط_بسياست_اشتغال_16995868148678137117.txt
53d0a9e97c98	1965	law	7	قانون ترخیص مدالهای طلای مؤسسه اعتباری دانشگاه تهران با معافیت گمرکی با اصلاحات و الحاقات بعدی	/Users/rohamhosseini/Documents/scraper simple/laws_clean/general_laws/14385247784571049827_14385247784571049827.txt
b4be439e2f68	1955	other	7	تصميم متخذه مورخ 34 2 16 كميسيون برنامه  ... اعتبار جهت استخدام هشت نفر متخصصين خارجي	/Users/rohamhosseini/Documents/scraper simple/laws_clean/general_laws/تصميم_متخذه_مورخ_34_2_16_كميسيون_برنامه__..._اعتبار_جهت_استخدام_هشت_نفر_متخصصين_خارجي_10619181171308704496.txt
eaf001c37d3a	1967	law	7	قانون لغو قسمت بند  ب  ماده يك قانون كمك بتوسعه صدور بعضي از اقلام كالاهاي صادراتي	/Users/rohamhosseini/Documents/scraper simple/laws_clean/general_laws/قانون_لغو_قسمت_بند__ب__ماده_يك_قانون_كمك_بتوسعه_صدور_بعضي_از_اقلام_كالاهاي_صادراتي_6075319257896063280.txt
0df8b59655d4	1993	law	7	قانون اصلاح ماده 1 قانون برقراري حقوق وظ ... و سوانح ناشي از مسووليتهاي خطير نمايندگي	/Users/rohamhosseini/Documents/scraper simple/laws_clean/general_laws/قانون_اصلاح_ماده_1_قانون_برقراري_حقوق_وظ_..._و_سوانح_ناشي_از_مسووليتهاي_خطير_نمايندگي_2537934149608935983.txt
833b99a87966	1980	other	7	لايحه قانوني رفع تجاوز از تأسيسات آب و برق كشور	/Users/rohamhosseini/Documents/scraper simple/laws_clean/general_laws/لايحه_قانوني_رفع_تجاوز_از_تأسيسات_آب_و_برق_كشور_626807257228404798.txt
f9735c7f3ea0	1971	law	7	قانون  تبديل  بنگاه شيميائي  بشركت  سهامي	/Users/rohamhosseini/Documents/scraper simple/laws_clean/general_laws/قانون__تبديل__بنگاه_شيميائي__بشركت__سهامي_5581057101134211631.txt
a13962ae9b20	1977	other	7	اصلاح بودجه سال 2535 وزارت مسكن و شهرسازي  وزارت راه و شهرسازي	/Users/rohamhosseini/Documents/scraper simple/laws_clean/general_laws/اصلاح_بودجه_سال_2535_وزارت_مسكن_و_شهرسازي__وزارت_راه_و_شهرسازي__6265790754140319697.txt
229f61c684a0	1974	law	7	قانون اجازه تعهداضافي براي تسريع دراجراءبرنامه هاي عمراني وجاري و بازپرداخت وامها	/Users/rohamhosseini/Documents/scraper simple/laws_clean/general_laws/قانون_اجازه_تعهداضافي_براي_تسريع_دراجراءبرنامه_هاي_عمراني_وجاري_و_بازپرداخت_وامها_10616891563366793512.txt
63264d173861	1994	law	7	قانون ممنوعيت ادامه تحصيل كارگزاران كشور در ساعات اداري	/Users/rohamhosseini/Documents/scraper simple/laws_clean/general_laws/قانون_ممنوعيت_ادامه_تحصيل_كارگزاران_كشور_در_ساعات_اداري_5082287811741977244.txt
5f8efc699ddc	1977	law	7	اجازه استفاده از محل اعتبار هزينه هاي پي ... ديف 503001  قانون بودجه سال 2535 كل كشور	/Users/rohamhosseini/Documents/scraper simple/laws_clean/general_laws/اجازه_استفاده_از_محل_اعتبار_هزينه_هاي_پي_..._ديف_503001__قانون_بودجه_سال_2535_كل_كشور_6289582905650243529.txt
d5fcfb1d3e18	1962	decree	7	تصويبنامه در اجراي ماده 24 قانون اصلاحات ارضي مصوب ديماه 1340	/Users/rohamhosseini/Documents/scraper simple/laws_clean/general_laws/تصويبنامه_در_اجراي_ماده_24_قانون_اصلاحات_ارضي_مصوب_ديماه_1340_11320296447824898270.txt
83e76ca5f8cb	1983	law	7	قانون راجع به شمول مقررات برقراري حقوق و ... دلاوران كه بطور قراردادي استخدام شده اند	/Users/rohamhosseini/Documents/scraper simple/laws_clean/general_laws/قانون_راجع_به_شمول_مقررات_برقراري_حقوق_و_..._دلاوران_كه_بطور_قراردادي_استخدام_شده_اند_6087141605796324572.txt
e0f45972e998	2003	law	7	قانون تشكيل سازمان نظام روانشناسي و مشاوره جمهوري اسلامي ايران	/Users/rohamhosseini/Documents/scraper simple/laws_clean/general_laws/قانون_تشكيل_سازمان_نظام_روانشناسي_و_مشاوره_جمهوري_اسلامي_ايران_11106919593149209422.txt
e3f3e85a0a1c	1962	decree	7	تعيين نرخ بهره وام مندرج در ماده 8 تصويبنامه قانوني شماره 23156 از صدي چهار به صدي شش	/Users/rohamhosseini/Documents/scraper simple/laws_clean/general_laws/تعيين_نرخ_بهره_وام_مندرج_در_ماده_8_تصويبنامه_قانوني_شماره_23156_از_صدي_چهار_به_صدي_شش_11684315840749824068.txt
f62a9e25740c	1962	other	7	كسر معادل مبلغ 17 500 000 ريال از اعتبار ... اده 4 بودجه تفصيلي سال 1340 وزارت دارائي	/Users/rohamhosseini/Documents/scraper simple/laws_clean/general_laws/كسر_معادل_مبلغ_17_500_000_ريال_از_اعتبار_..._اده_4_بودجه_تفصيلي_سال_1340_وزارت_دارائي_17392574750099108961.txt
0cdad415217d	1979	other	7	لايحه قانوني ارزيابي سهام شركت ماختيشم اسرائيل	/Users/rohamhosseini/Documents/scraper simple/laws_clean/general_laws/لايحه_قانوني_ارزيابي_سهام_شركت_ماختيشم_اسرائيل_16182692008008864094.txt
8ec4d97d52cb	1964	law	7	قانون استفاده از ده نفر كارشناس خارجي براي پروژه هاي مختلف كشاورزي و دامپروري	/Users/rohamhosseini/Documents/scraper simple/laws_clean/general_laws/قانون_استفاده_از_ده_نفر_كارشناس_خارجي_براي_پروژه_هاي_مختلف_كشاورزي_و_دامپروري_53118998358733729.txt
e74b807f0e7d	1970	other	7	اصلاح بودجه سال 1348 وزارت علوم و آموزش عالي	/Users/rohamhosseini/Documents/scraper simple/laws_clean/general_laws/اصلاح_بودجه_سال_1348_وزارت_علوم_و_آموزش_عالي_14753222306077426953.txt
10efb79ff84f	1998	law	7	قانون استفساريه بند  هـ  تبصره  8  قانون بودجه سال 1377 كل كشور	/Users/rohamhosseini/Documents/scraper simple/laws_clean/general_laws/قانون_استفساريه_بند__هـ__تبصره__8__قانون_بودجه_سال_1377_كل_كشور_3347238303161692058.txt
96e0565cc9d0	1968	law	7	قانون حقوق بارگيري و تخليه در مورد رد كشتيهائي كه معادل ظرفيت بارگيري نميشوند	/Users/rohamhosseini/Documents/scraper simple/laws_clean/general_laws/قانون_حقوق_بارگيري_و_تخليه_در_مورد_رد_كشتيهائي_كه_معادل_ظرفيت_بارگيري_نميشوند_16193986478943765523.txt
b01d6eeff893	1980	other	7	لايحه قانوني انتزاع شركت سهامي شيلات جنو ... ن روستائي و تشكيل شركت سهامي شيلات ايران	/Users/rohamhosseini/Documents/scraper simple/laws_clean/general_laws/لايحه_قانوني_انتزاع_شركت_سهامي_شيلات_جنو_..._ن_روستائي_و_تشكيل_شركت_سهامي_شيلات_ايران_11982790057695418684.txt
0b443da8cde5	1975	law	7	قانون ترتيب رسيدگي و ختم پرونده هاي اصلاحات ارضي	/Users/rohamhosseini/Documents/scraper simple/laws_clean/general_laws/قانون_ترتيب_رسيدگي_و_ختم_پرونده_هاي_اصلاحات_ارضي_6372739119751198727.txt
5e7816f3086d	1993	other	7	تصميم مجلس شوراي اسلامي مبني بر تعيين دو ... تشويق خريدهاي، در داخل و تنظيم بازار ارز	/Users/rohamhosseini/Documents/scraper simple/laws_clean/general_laws/تصميم_مجلس_شوراي_اسلامي_مبني_بر_تعيين_دو_..._تشويق_خريدهاي،_در_داخل_و_تنظيم_بازار_ارز_6176297787269895010.txt
1dbb3e1788e0	1980	other	7	لايحه قانوني تأمين اعتبار عمراني مورد نياز استانهاي كشور	/Users/rohamhosseini/Documents/scraper simple/laws_clean/general_laws/لايحه_قانوني_تأمين_اعتبار_عمراني_مورد_نياز_استانهاي_كشور_3382225969763274427.txt
14ae416d3bc0	1979	other	7	لايحه قانوني واگذاري اختيارات كميسيونهاي ...  و رئيس سازمان امور داري و استخدامي كشور	/Users/rohamhosseini/Documents/scraper simple/laws_clean/general_laws/لايحه_قانوني_واگذاري_اختيارات_كميسيونهاي_...__و_رئيس_سازمان_امور_داري_و_استخدامي_كشور_16797507897736302012.txt
4df9f0c348bf	2005	law	7	قانون موافقتنامه معاضدت قضايي در امور كي ... مي ايران و جمهوري دمكراتيك مردمي الجزاير	/Users/rohamhosseini/Documents/scraper simple/laws_clean/general_laws/قانون_موافقتنامه_معاضدت_قضايي_در_امور_كي_..._مي_ايران_و_جمهوري_دمكراتيك_مردمي_الجزاير_2392353359382350681.txt
a108ce3ea29d	1978	law	7	قانون شمول قانون استخدام كشوري درباره كاركنان سازمان مركزي تعاون روستائي ايران	/Users/rohamhosseini/Documents/scraper simple/laws_clean/general_laws/قانون_شمول_قانون_استخدام_كشوري_درباره_كاركنان_سازمان_مركزي_تعاون_روستائي_ايران_2654198379643821193.txt
64117ec658b5	1968	other	7	تصميم متخذه كميسيون بودجه داير باصلاح بودجه سال 1347 اداره بيوتات سلطنتي	/Users/rohamhosseini/Documents/scraper simple/laws_clean/general_laws/تصميم_متخذه_كميسيون_بودجه_داير_باصلاح_بودجه_سال_1347_اداره_بيوتات_سلطنتي_11314166479172232380.txt
4bade7473692	1975	law	7	قانون  پروتكل  تعيين  تاريخ  اجراي  كنوا ... اي  دول  متعاهد در هزينه هاي  دفتر مركزي	/Users/rohamhosseini/Documents/scraper simple/laws_clean/general_laws/قانون__پروتكل__تعيين__تاريخ__اجراي__كنوا_..._اي__دول__متعاهد_در_هزينه_هاي__دفتر_مركزي_14274653729388772272.txt
e13d9512c714	2025	law	7	بخنشنامه گمرك در خصوص نرخ حقوق ورودي خودرو بند  ر  تبصره  يك  قانون بودجه سال 1404	/Users/rohamhosseini/Documents/scraper simple/laws_clean/general_laws/بخنشنامه_گمرك_در_خصوص_نرخ_حقوق_ورودي_خودرو_بند__ر__تبصره__يك__قانون_بودجه_سال_1404_9671052033854916684.txt
0df52c6afdca	1977	other	7	اصلاح بودجه سال ۲۵۳۵ وزارت جنگ با اصلاحات و الحاقات بعدی	/Users/rohamhosseini/Documents/scraper simple/laws_clean/general_laws/8651701696324990559_8651701696324990559.txt
63891a46391a	1976	other	7	تغيير اعتبارات سرمايه گذاري ثابت وزارت مسكن و شهرسازي  وزارت راه و شهرسازي	/Users/rohamhosseini/Documents/scraper simple/laws_clean/general_laws/تغيير_اعتبارات_سرمايه_گذاري_ثابت_وزارت_مسكن_و_شهرسازي__وزارت_راه_و_شهرسازي__266456434593667788.txt
1d6508bd1764	1971	law	7	قانون  تبديل فروشگاه مركز صنايع دستي بشركت سهامي فروشگاه مركزصنايع دستي	/Users/rohamhosseini/Documents/scraper simple/laws_clean/general_laws/قانون__تبديل_فروشگاه_مركز_صنايع_دستي_بشركت_سهامي_فروشگاه_مركزصنايع_دستي_12562243006709420529.txt
66fb75db3ea8	1975	other	7	اساسنامه شركت سهامي مركز خانه هاي ايران	/Users/rohamhosseini/Documents/scraper simple/laws_clean/general_laws/اساسنامه_شركت_سهامي_مركز_خانه_هاي_ايران_14921458215769051095.txt
b21446f1a80f	1959	other	7	تصمیم متخذه کمیسیون مشترک برنامه مجلسین دائر بواگذاری ساختمان احداثی در نازی‌آباد (۱۱۴ آپارتمان) بلاعوض بشهربانی کل کشور با اصلاحات و الحاقات بعدی	/Users/rohamhosseini/Documents/scraper simple/laws_clean/general_laws/14184970955857143249_14184970955857143249.txt
5570f913b9a8	1975	law	7	قانون تبديل سازمان گوشت كشور بشركت سهامي	/Users/rohamhosseini/Documents/scraper simple/laws_clean/general_laws/قانون_تبديل_سازمان_گوشت_كشور_بشركت_سهامي_5675287968431403778.txt
c82c69d27679	1986	law	7	قانون الحاق یک تبصره به ماده ۲۶ آئیننامه استخدامی سازمان تأمین اجتماعی (سازمان بیمه‌های اجتماعی سابق) با اصلاحات و الحاقات بعدی	/Users/rohamhosseini/Documents/scraper simple/laws_clean/general_laws/4537753872790664819_4537753872790664819.txt
55f5aa17ebd7	1957	other	7	تصميم متخذه كميسيون بودجه دائر به اجازه خريد هفت  دستگاه اتومبيل جهت شركت سهامي تلفن ايران	/Users/rohamhosseini/Documents/scraper simple/laws_clean/general_laws/تصميم_متخذه_كميسيون_بودجه_دائر_به_اجازه_خريد_هفت__دستگاه_اتومبيل_جهت_شركت_سهامي_تلفن_ايران_13692154561264482907.txt
d164f65568bd	1975	other	7	تعهد اعتبار سنوات آتي طرح لوله كشي نفت	/Users/rohamhosseini/Documents/scraper simple/laws_clean/general_laws/تعهد_اعتبار_سنوات_آتي_طرح_لوله_كشي_نفت__2740974148958242875.txt
20157c8403de	1982	law	7	قانون برقراري حقوق وظيفه و مستمري براي م ...  يا در راه انجام وظيفه فوت يا معلول شوند	/Users/rohamhosseini/Documents/scraper simple/laws_clean/general_laws/قانون_برقراري_حقوق_وظيفه_و_مستمري_براي_م_...__يا_در_راه_انجام_وظيفه_فوت_يا_معلول_شوند_9042043277495371833.txt
f9600269b117	1927	law	7	قانون اجازه پرداخت دو دوازدهم بودجه هاي  ... مخارج دو ماهه اردي بهشت و خرداد ماه 1306	/Users/rohamhosseini/Documents/scraper simple/laws_clean/general_laws/قانون_اجازه_پرداخت_دو_دوازدهم_بودجه_هاي__..._مخارج_دو_ماهه_اردي_بهشت_و_خرداد_ماه_1306_1290584428075008477.txt
7cbb4b347e36	1983	law	7	قانون معافيت از ماليات وجوهي كه تحت هر ع ... دكترهاي داروساز و دامپزشكان پرداخت ميشود	/Users/rohamhosseini/Documents/scraper simple/laws_clean/general_laws/قانون_معافيت_از_ماليات_وجوهي_كه_تحت_هر_ع_..._دكترهاي_داروساز_و_دامپزشكان_پرداخت_ميشود_10397645499230431377.txt
a2ab222e7c80	1964	law	7	قانون اجازه تحصيل دويست ميليون دلار اعتبار جهت تقويت نيروي دفاعي كشور	/Users/rohamhosseini/Documents/scraper simple/laws_clean/general_laws/قانون_اجازه_تحصيل_دويست_ميليون_دلار_اعتبار_جهت_تقويت_نيروي_دفاعي_كشور_17637098468700791373.txt
78d86c704369	1980	other	7	لايحه قانوني راجع به مقررات سازمانهاي من ... ر استخدامي و مالي وزارت بهداري و بهزيستي	/Users/rohamhosseini/Documents/scraper simple/laws_clean/general_laws/لايحه_قانوني_راجع_به_مقررات_سازمانهاي_من_..._ر_استخدامي_و_مالي_وزارت_بهداري_و_بهزيستي_15775485197849615286.txt
d2b09503b57e	1987	law	7	قانون اصلاح قانون ترخيص تعرفه هاي كالاهاي پزشكي ضروري و فوري مورد نياز بنياد شهيد	/Users/rohamhosseini/Documents/scraper simple/laws_clean/general_laws/قانون_اصلاح_قانون_ترخيص_تعرفه_هاي_كالاهاي_پزشكي_ضروري_و_فوري_مورد_نياز_بنياد_شهيد_4392003853513002070.txt
f9373c74feb5	2006	other	7	شيوه نامه رصد فرهنگي كشور	/Users/rohamhosseini/Documents/scraper simple/laws_clean/general_laws/شيوه_نامه_رصد_فرهنگي_كشور_4591353318897591731.txt
548e942edea8	1924	law	7	قانون بودجه يكسالۀ سيچقان ئيل 1303 مجلس شوراي ملي	/Users/rohamhosseini/Documents/scraper simple/laws_clean/general_laws/قانون_بودجه_يكسالۀ_سيچقان_ئيل_1303_مجلس_شوراي_ملي_2758134784357989692.txt
8300c1bcd4c6	1990	law	7	قانون افزايش مجدد اعتبار رديف 503082 قانون بودجه سال 1368 كل كشور	/Users/rohamhosseini/Documents/scraper simple/laws_clean/general_laws/_قانون_افزايش_مجدد_اعتبار_رديف_503082_قانون_بودجه_سال_1368_كل_كشور_16088949353881094658.txt
192fb40c0d2f	1993	law	7	قانون استخدامي كاركنان مجلس شوراي اسلامي	/Users/rohamhosseini/Documents/scraper simple/laws_clean/general_laws/قانون_استخدامي_كاركنان_مجلس_شوراي_اسلامي_13319880050072810079.txt
ae97f4de33c3	1990	law	7	قانون اصلاح قانون بودجه سال 1368	/Users/rohamhosseini/Documents/scraper simple/laws_clean/general_laws/قانون_اصلاح_قانون_بودجه_سال_1368_18126262573024114114.txt
ff7d1f051bcc	1970	other	7	اصلاح بودجه سال 1348 ژاندارمري كل كشور	/Users/rohamhosseini/Documents/scraper simple/laws_clean/general_laws/اصلاح_بودجه_سال_1348_ژاندارمري_كل_كشور_7117626231147143709.txt
bbcb2f1bc6ba	1965	law	7	قانون افزايش ميزان اعتبار انتقالي قانون بودجه سال 1344 كل كشور	/Users/rohamhosseini/Documents/scraper simple/laws_clean/general_laws/قانون_افزايش_ميزان_اعتبار_انتقالي_قانون_بودجه_سال_1344_كل_كشور_5319838771633969705.txt
e5d6dd7ffda7	1968	other	7	تصميم متخذه كميسيون بودجه دائر باصلاح بودجه سال 1347 سازمان بازرسي شاهنشاهي	/Users/rohamhosseini/Documents/scraper simple/laws_clean/general_laws/تصميم_متخذه_كميسيون_بودجه_دائر_باصلاح_بودجه_سال_1347_سازمان_بازرسي_شاهنشاهي_10568206305672671539.txt
10869b9f22be	1964	law	7	قانون مربوط بمعافيت گمركي وسائل شخصي افس ... اسگاههاي رادار به ايران اعزام گرديده اند	/Users/rohamhosseini/Documents/scraper simple/laws_clean/general_laws/قانون_مربوط_بمعافيت_گمركي_وسائل_شخصي_افس_..._اسگاههاي_رادار_به_ايران_اعزام_گرديده_اند_13659404832698734521.txt
10ef2b30fc8c	1975	other	7	اصلاح بودجه سال 1353وزارت جنگ	/Users/rohamhosseini/Documents/scraper simple/laws_clean/general_laws/اصلاح_بودجه_سال_1353وزارت_جنگ_1555115228596478632.txt
8c8d0e1dacbd	1980	law	7	لايحه قانوني راجع به تبديل وضع استخدامي  ... قررات قانون استخدام كشوري و ضوابط مربوطه	/Users/rohamhosseini/Documents/scraper simple/laws_clean/general_laws/لايحه_قانوني_راجع_به_تبديل_وضع_استخدامي__..._قررات_قانون_استخدام_كشوري_و_ضوابط_مربوطه_13561424247237743839.txt
e367ad309c21	1969	law	7	تصميم متخذه كميسيون بودجه مجلس شوراي ملي ... موضوع رديف 5901 قانون بودجه 1348 كل كشور	/Users/rohamhosseini/Documents/scraper simple/laws_clean/general_laws/تصميم_متخذه_كميسيون_بودجه_مجلس_شوراي_ملي_..._موضوع_رديف_5901_قانون_بودجه_1348_كل_كشور_2745428576137571775.txt
4cdc512a755d	1987	law	7	قانون اصلاح بند  ج  تبصره 16 قانون بودجه سال 1366 كل كشور	/Users/rohamhosseini/Documents/scraper simple/laws_clean/general_laws/قانون_اصلاح_بند__ج__تبصره_16_قانون_بودجه_سال_1366_كل_كشور_4871863890182524507.txt
a0768c7ce693	1973	law	7	قانون برقراري مستمري وراث مرحوم رضا ضياء احمدي و مرحوم علي معيري	/Users/rohamhosseini/Documents/scraper simple/laws_clean/general_laws/قانون_برقراري_مستمري_وراث_مرحوم_رضا_ضياء_احمدي_و_مرحوم_علي_معيري_8612573443562863407.txt
0bbe55ccdcfa	1966	law	7	قانون اجازه ترميم فوق العاده ثابت ارزي مامورين خارج از كشور وزارت امور خارجه	/Users/rohamhosseini/Documents/scraper simple/laws_clean/general_laws/قانون_اجازه_ترميم_فوق_العاده_ثابت_ارزي_مامورين_خارج_از_كشور_وزارت_امور_خارجه_12010117583987127850.txt
5f11d49b312c	1978	other	7	اصلاح بودجه سال 1357 وزارت كار و امور اجتماعي	/Users/rohamhosseini/Documents/scraper simple/laws_clean/general_laws/اصلاح_بودجه_سال_1357_وزارت_كار_و_امور_اجتماعي_7283882400255028618.txt
6ee7265a1f08	1967	other	7	اختصاص مبلغ پنجاه ميليون ريال اعتبار فوق ... يداري سال جاري در اختيار سازمان غله كشور	/Users/rohamhosseini/Documents/scraper simple/laws_clean/general_laws/اختصاص_مبلغ_پنجاه_ميليون_ريال_اعتبار_فوق_..._يداري_سال_جاري_در_اختيار_سازمان_غله_كشور_12388811070440193444.txt
a6c39ddce697	1972	law	7	قانون تبديل  موسسه  جوجه كشي  نارمك  به شركت  سهامي	/Users/rohamhosseini/Documents/scraper simple/laws_clean/general_laws/قانون_تبديل__موسسه__جوجه_كشي__نارمك__به_شركت__سهامي_10023566854781549406.txt
ca7eaf3ab67a	1928	law	7	قانون هشت هزار تومان اعتبار اضافي جهت حقوق متخصص بانك ملي	/Users/rohamhosseini/Documents/scraper simple/laws_clean/general_laws/قانون_هشت_هزار_تومان_اعتبار_اضافي_جهت_حقوق_متخصص_بانك_ملي_12169508238060493383.txt
7508fd4af538	1988	law	7	قانون الحاق يك تبصره بعنوان تبصره 2 به ماده 39 قانون استخدام كشوري	/Users/rohamhosseini/Documents/scraper simple/laws_clean/general_laws/قانون_الحاق_يك_تبصره_بعنوان_تبصره_2_به_ماده_39_قانون_استخدام_كشوري_11863461969330884435.txt
1d6e8af51b47	2004	other	7	شاخص هاي ارزيابي آموزش عالي	/Users/rohamhosseini/Documents/scraper simple/laws_clean/general_laws/شاخص_هاي_ارزيابي_آموزش_عالي_7958807390991941973.txt
d57b8213b61d	2007	law	7	قانون موافقتنامه همكاري در زمينه مبارزه  ... هوري اسلامي ايران و دولت جمهوري قزاقستان	/Users/rohamhosseini/Documents/scraper simple/laws_clean/general_laws/قانون_موافقتنامه_همكاري_در_زمينه_مبارزه__..._هوري_اسلامي_ايران_و_دولت_جمهوري_قزاقستان_10642484149182075475.txt
3574426e4d0f	1980	law	7	لايحه قانوني راجع به افزايش يا كاهش اعتب ... اخت ديون قسمت چهارم قانون بودجه سال 1358	/Users/rohamhosseini/Documents/scraper simple/laws_clean/general_laws/لايحه_قانوني_راجع_به_افزايش_يا_كاهش_اعتب_..._اخت_ديون_قسمت_چهارم_قانون_بودجه_سال_1358_15330291306585847811.txt
9b7d8aad2c61	1979	other	7	لايحه قانوني بخشودگي زيان ديركرد وامهاي پرداختي به زارعين چغندركار	/Users/rohamhosseini/Documents/scraper simple/laws_clean/general_laws/لايحه_قانوني_بخشودگي_زيان_ديركرد_وامهاي_پرداختي_به_زارعين_چغندركار_15415404603072472743.txt
e5d0f01e1d65	1963	other	7	برقراري مستمري براي آقاي مهدي دهقان اشته ... ياسي و كارمند موظف فعلي وزارت امور خارجه	/Users/rohamhosseini/Documents/scraper simple/laws_clean/general_laws/برقراري_مستمري_براي_آقاي_مهدي_دهقان_اشته_..._ياسي_و_كارمند_موظف_فعلي_وزارت_امور_خارجه_18071303850600988822.txt
49f078d8dd91	1960	law	7	قانون اجازه تحصيل تا معادل 27 ميليون دلار اعتبار از كنسرسيوم مقاطعه  كاران فرانسوي	/Users/rohamhosseini/Documents/scraper simple/laws_clean/general_laws/قانون_اجازه_تحصيل_تا_معادل_27_ميليون_دلار_اعتبار_از_كنسرسيوم_مقاطعه__كاران_فرانسوي_16361770103950488154.txt
96d5d29bd145	1967	other	7	اصلاح برخي از مواد لايحه قانوني استخدام كشور مصوب كميسيون هاي خاص مشترك مجلسين	/Users/rohamhosseini/Documents/scraper simple/laws_clean/general_laws/اصلاح_برخي_از_مواد_لايحه_قانوني_استخدام_كشور_مصوب_كميسيون_هاي_خاص_مشترك_مجلسين_9115343472967725185.txt
98a75222d0a5	1991	other	7	نحوه تأييد صلاحيت اخلاقي و علمي و پرداخت ... دامغاني، محمد اسلامي و خانم تاجماه آصفي	/Users/rohamhosseini/Documents/scraper simple/laws_clean/general_laws/نحوه_تأييد_صلاحيت_اخلاقي_و_علمي_و_پرداخت_..._دامغاني،_محمد_اسلامي_و_خانم_تاجماه_آصفي__14060096534029066738.txt
31d180aa6c2c	1957	other	7	لايحه قانوني مربوط برسيدگي بدعاوي اشخاص عليه دولت راجع باملاك	/Users/rohamhosseini/Documents/scraper simple/laws_clean/general_laws/لايحه_قانوني_مربوط_برسيدگي_بدعاوي_اشخاص_عليه_دولت_راجع_باملاك_12713196307440388365.txt
c6500242a1d5	1988	law	6	آئيننامه اجرائي بند  17  تبصره  12  قانون بودجه سال 1367 كل كشور	/Users/rohamhosseini/Documents/scraper simple/laws_clean/Aeen-Nameh/آئيننامه_اجرائي_بند__17__تبصره__12__قانون_بودجه_سال_1367_كل_كشور_30415086344970170.txt
09569e2bbf01	1991	decree	6	تصويبنامه راجع به تنفيذ آئيننامه اجرائي مقررات صادرات و واردات براي سال1370	/Users/rohamhosseini/Documents/scraper simple/laws_clean/Aeen-Nameh/تصويبنامه_راجع_به_تنفيذ_آئيننامه_اجرائي_مقررات_صادرات_و_واردات_براي_سال1370_9978218100954619479.txt
ede2678e2370	1993	law	6	آيين نامه اجرايي بند  د  تبصره  38  قانون بودجه سال 1372 كل كشور	/Users/rohamhosseini/Documents/scraper simple/laws_clean/Aeen-Nameh/آيين_نامه_اجرايي_بند__د__تبصره__38__قانون_بودجه_سال_1372_كل_كشور_4931085200170933956.txt
f8dc53c768d9	2012	law	6	آيين نامه ماده  13  قانون توسعه ابزارها  ... ي كلي اصل  44  قانون اساسي - مصوب - 1388	/Users/rohamhosseini/Documents/scraper simple/laws_clean/Aeen-Nameh/آيين_نامه_ماده__13__قانون_توسعه_ابزارها__..._ي_كلي_اصل__44__قانون_اساسي_-_مصوب_-_1388_636471002640606093.txt
8d2c27480643	1988	law	6	آئيننامه اجرائي نحوه هزينه كردن اعتبارات ... ف  تبصره 15 قانون بودجه سال 1367 كل كشور	/Users/rohamhosseini/Documents/scraper simple/laws_clean/Aeen-Nameh/آئيننامه_اجرائي_نحوه_هزينه_كردن_اعتبارات_..._ف__تبصره_15_قانون_بودجه_سال_1367_كل_كشور_14108539233952517260.txt
50a895079fb0	2002	amendment	6	اصلاحيه آيين نامه اجرايي قانون مقررات صادرات و واردات	/Users/rohamhosseini/Documents/scraper simple/laws_clean/Aeen-Nameh/اصلاحيه_آيين_نامه_اجرايي_قانون_مقررات_صادرات_و_واردات_15386647381502939266.txt
37071e5c4b12	2007	other	6	دستورالعمل صدور مجوز تأسيس و فعاليت كارگزاري در بورس	/Users/rohamhosseini/Documents/scraper simple/laws_clean/Aeen-Nameh/دستورالعمل_صدور_مجوز_تأسيس_و_فعاليت_كارگزاري_در_بورس_17731931858506383811.txt
3e20d45e4766	2000	amendment	6	اصلاحيه آيين نامه اجرايي قانون مقررات صادرات و واردات	/Users/rohamhosseini/Documents/scraper simple/laws_clean/Aeen-Nameh/اصلاحيه_آيين_نامه_اجرايي_قانون_مقررات_صادرات_و_واردات_13637818349951911445.txt
c7f0c32dfb1e	2011	other	6	اراضی دولتی و واگذاری آنها	/Users/rohamhosseini/Documents/scraper simple/laws_clean/Aeen-Nameh/11024667257767174074_11024667257767174074.txt
6197957278d0	1988	decree	6	تصويبنامه راجع به حذف عبارت از آئيننامه اجرائي مقررات صادرات و  واردات سال 1367	/Users/rohamhosseini/Documents/scraper simple/laws_clean/Aeen-Nameh/تصويبنامه_راجع_به_حذف_عبارت_از_آئيننامه_اجرائي_مقررات_صادرات_و__واردات_سال_1367_4138332869467439125.txt
8cdf4c8f8931	1990	law	6	اصلاح  آيين نامه  اجرايي  قانون  مقررات  صادرات  و واردات	/Users/rohamhosseini/Documents/scraper simple/laws_clean/Aeen-Nameh/اصلاح__آيين_نامه__اجرايي__قانون__مقررات__صادرات__و_واردات_1547302459888011002.txt
17f037d9dd58	1946	other	6	اصلاح آئين نامه مترجمين رسمي	/Users/rohamhosseini/Documents/scraper simple/laws_clean/Aeen-Nameh/اصلاح_آئين_نامه_مترجمين_رسمي_5085771687059476450.txt
4ec23d423206	2010	law	6	اصلاح تبصره ماده  3  آيين نامه اجرايي تبصره ماده  6  قانون نحوه جلوگيري از آلودگي هوا	/Users/rohamhosseini/Documents/scraper simple/laws_clean/Aeen-Nameh/اصلاح_تبصره_ماده__3__آيين_نامه_اجرايي_تبصره_ماده__6__قانون_نحوه_جلوگيري_از_آلودگي_هوا_3682139309854675705.txt
0089abecaa4d	1987	law	6	آيين نامه اجرايي بند   الف  تبصره 10 قانون بودجه سال 1366 كل كشور	/Users/rohamhosseini/Documents/scraper simple/laws_clean/Aeen-Nameh/_آيين_نامه_اجرايي_بند___الف__تبصره_10_قانون_بودجه_سال_1366_كل_كشور_17628044262444774491.txt
f8fb01cf49a3	1990	law	6	آئيننامه اجرائي بند  ه  تبصره   38   قانون بودجه سال 1368 كل كشور	/Users/rohamhosseini/Documents/scraper simple/laws_clean/Aeen-Nameh/آئيننامه_اجرائي_بند__ه__تبصره___38___قانون_بودجه_سال_1368_كل_كشور_6861326793055333744.txt
75d67abd8e9a	2000	law	6	اصلاح جداول پيوست آيين نامه اجرايي قانون مقررات صادرات و واردات	/Users/rohamhosseini/Documents/scraper simple/laws_clean/Aeen-Nameh/اصلاح_جداول_پيوست_آيين_نامه_اجرايي_قانون_مقررات_صادرات_و_واردات_1805547180932494084.txt
cbfdb25886d6	2000	other	6	آيين نامه  نحوه  تعيين  و تشخيص  معادن  بزرگ  و كوچك	/Users/rohamhosseini/Documents/scraper simple/laws_clean/Aeen-Nameh/آيين_نامه__نحوه__تعيين__و_تشخيص__معادن__بزرگ__و_كوچك_8892581381664021635.txt
22330b6942a8	1990	decree	6	تصويبنامه راجع به اجراء آئيننامه اجرائي قانون مقررات صادرات و واردات در سال 1369	/Users/rohamhosseini/Documents/scraper simple/laws_clean/Aeen-Nameh/تصويبنامه_راجع_به_اجراء_آئيننامه_اجرائي_قانون_مقررات_صادرات_و_واردات_در_سال_1369_6867019815022221850.txt
a1dcc4afc663	1993	law	6	اصلاح آيين نامه اجرايي تبصره 3 قانون بودجه سال 1372 كل كشور	/Users/rohamhosseini/Documents/scraper simple/laws_clean/Aeen-Nameh/اصلاح_آيين_نامه_اجرايي_تبصره_3_قانون_بودجه_سال_1372_كل_كشور_333442941927481079.txt
0a32d45491fa	2001	law	6	آيين نامه اجرايي بند  ج  تبصره  22  قانون بودجه سال 1380 كل كشور	/Users/rohamhosseini/Documents/scraper simple/laws_clean/Aeen-Nameh/_آيين_نامه_اجرايي_بند__ج__تبصره__22__قانون_بودجه_سال_1380_كل_كشور_15684323949435709330.txt
a7ade164899b	2001	law	6	آيين نامه  اجرايي  بند ي  تبصره  25 قانون  بودجه  سال  1380كل  كشور	/Users/rohamhosseini/Documents/scraper simple/laws_clean/Aeen-Nameh/آيين_نامه__اجرايي__بند_ي__تبصره__25_قانون__بودجه__سال__1380كل__كشور_14452663924949242607.txt
47146fa2c899	2001	amendment	6	نامه اصلاحي  اصلاحيه آيين نامه اجرايي قانون مقررات صادرات و واردات	/Users/rohamhosseini/Documents/scraper simple/laws_clean/Aeen-Nameh/_نامه_اصلاحي__اصلاحيه_آيين_نامه_اجرايي_قانون_مقررات_صادرات_و_واردات_11566618166837753248.txt
8cf115702221	2001	law	6	آيين نامه اجرايي جزﺀ  4  بند  ب  تبصره  29  قانون بودجه سال 1380 كل كشور	/Users/rohamhosseini/Documents/scraper simple/laws_clean/Aeen-Nameh/آيين_نامه_اجرايي_جزﺀ__4__بند__ب__تبصره__29__قانون_بودجه_سال_1380_كل_كشور_2919730186006336722.txt
4b9670557bfb	2003	law	6	الحاق متني به عنوان تبصره به ماده  22  ا ...   تبصره  3  قانون بودجه سال 1381 كل كشور	/Users/rohamhosseini/Documents/scraper simple/laws_clean/Aeen-Nameh/الحاق_متني_به_عنوان_تبصره_به_ماده__22__ا_...___تبصره__3__قانون_بودجه_سال_1381_كل_كشور_10591211745699459482.txt
478e7a6f69f7	2011	law	6	آيين نامه اجرايي ماده   14   قانون توسعه ... راي سياست هاي كلي اصل   44   قانون اساسي	/Users/rohamhosseini/Documents/scraper simple/laws_clean/Aeen-Nameh/آيين_نامه_اجرايي_ماده___14___قانون_توسعه_..._راي_سياست_هاي_كلي_اصل___44___قانون_اساسي_3472018483380900768.txt
ab34916cefbb	2005	other	6	مقررات تكميلي آئين نامه شماره 51 درخصوص  ... مه اعتبار داخلي   آئين نامه شماره 51 2	/Users/rohamhosseini/Documents/scraper simple/laws_clean/Aeen-Nameh/مقررات_تكميلي_آئين_نامه_شماره_51_درخصوص__..._مه_اعتبار_داخلي___آئين_نامه_شماره_51_2___1760411450885475963.txt
c91b11a6ac72	1991	law	6	الحاق  عبارتي  به  عنوان  بند 24 به  قسم ...  اجرايي  قانون  مقررات  صادرات  و واردات	/Users/rohamhosseini/Documents/scraper simple/laws_clean/Aeen-Nameh/الحاق__عبارتي__به__عنوان__بند_24_به__قسم_...__اجرايي__قانون__مقررات__صادرات__و_واردات_4771383005998521233.txt
e2d535608fb4	2002	law	6	اصلاح ارقام مندرج در ماده هاي 18 و 21 آيين نامه اجرايي قانون مقررات صادرات و واردات	/Users/rohamhosseini/Documents/scraper simple/laws_clean/Aeen-Nameh/اصلاح_ارقام_مندرج_در_ماده_هاي_18_و_21_آيين_نامه_اجرايي_قانون_مقررات_صادرات_و_واردات_10892800906550422136.txt
03e6f85d3c07	2007	other	6	شرايط فعاليت كارگزاران در بورس كالاي ايران	/Users/rohamhosseini/Documents/scraper simple/laws_clean/Aeen-Nameh/شرايط_فعاليت_كارگزاران_در_بورس_كالاي_ايران_7250787526953067497.txt
39d9fcd73f0d	1999	law	6	آيين نامه اجرايي تبصره 41 قانون بودجه سال 1378 كل كشور	/Users/rohamhosseini/Documents/scraper simple/laws_clean/Aeen-Nameh/آيين_نامه_اجرايي_تبصره_41_قانون_بودجه_سال_1378_كل_كشور_8121171169793374648.txt
8cb00f04aa2e	2009	law	6	آيين نامه اجرايي بند   37   ماده واحده قانون بودجه سال 1388 كل كشور	/Users/rohamhosseini/Documents/scraper simple/laws_clean/Aeen-Nameh/آيين_نامه_اجرايي_بند___37___ماده_واحده_قانون_بودجه_سال_1388_كل_كشور_13668018072423634898.txt
5f9acb666103	2004	other	6	اصلاح ماده  1  آيين نامه بند  هـ  ماده   ... هنگي موضوع برقراري نظام اقساطي فروش سهام	/Users/rohamhosseini/Documents/scraper simple/laws_clean/Aeen-Nameh/اصلاح_ماده__1__آيين_نامه_بند__هـ__ماده___..._هنگي_موضوع_برقراري_نظام_اقساطي_فروش_سهام_15521987142678633941.txt
46669672c4d7	2008	other	6	دستورالعمل پذيرش كالا و اوراق بهادار مبتني بر كالا در بورس كالاي ايران	/Users/rohamhosseini/Documents/scraper simple/laws_clean/Aeen-Nameh/دستورالعمل_پذيرش_كالا_و_اوراق_بهادار_مبتني_بر_كالا_در_بورس_كالاي_ايران_5926454231075714531.txt
38a623c23f9a	1988	law	6	آئيننامه اجرائي بند  8  تبصره 8 قانون بودجه سال 1367	/Users/rohamhosseini/Documents/scraper simple/laws_clean/Aeen-Nameh/آئيننامه_اجرائي_بند__8__تبصره_8_قانون_بودجه_سال_1367_7512781923234133185.txt
b62a6cd47983	2004	law	6	اصلاح آيين نامه اجرايي بند  د  تبصره  19  قانون بودجه سال 1382 كل كشور	/Users/rohamhosseini/Documents/scraper simple/laws_clean/Aeen-Nameh/اصلاح_آيين_نامه_اجرايي_بند__د__تبصره__19__قانون_بودجه_سال_1382_كل_كشور_17847508996499889901.txt
e297df3e2dc2	1986	law	6	آيين نامه اجرايي بند  الف تبصره 40 قانون بودجه سال 65 13 كشور	/Users/rohamhosseini/Documents/scraper simple/laws_clean/Aeen-Nameh/_آيين_نامه_اجرايي_بند__الف_تبصره_40_قانون_بودجه_سال_65_13_كشور_5445896927221014536.txt
cd33a6b7dfab	1992	other	6	آيين نامه چگونگي بهره برداي از اماكن ورزشي متعلق به سازمان تربيت بدني توسط بخش غيردولتي	/Users/rohamhosseini/Documents/scraper simple/laws_clean/Aeen-Nameh/آيين_نامه_چگونگي_بهره_برداي_از_اماكن_ورزشي_متعلق_به_سازمان_تربيت_بدني_توسط_بخش_غيردولتي_3344008802688109145.txt
869956254f47	2004	other	6	آيين نامه شرايط استخدام بازرسان كار و كارشناسان بهداشت كار	/Users/rohamhosseini/Documents/scraper simple/laws_clean/Aeen-Nameh/آيين_نامه_شرايط_استخدام_بازرسان_كار_و_كارشناسان_بهداشت_كار_13954028594897639724.txt
f8fe10347c8f	2008	law	6	آيين نامه نحوه اداره و اخذ تصميمات شوراي عالي اجراي سياستهاي كلي اصل  44  قانون اساسي	/Users/rohamhosseini/Documents/scraper simple/laws_clean/Aeen-Nameh/آيين_نامه_نحوه_اداره_و_اخذ_تصميمات_شوراي_عالي_اجراي_سياستهاي_كلي_اصل__44__قانون_اساسي_7635417590931188176.txt
46c8d5397851	2013	law	6	اصلاح آيين نامه اجرايي قانون معادن	/Users/rohamhosseini/Documents/scraper simple/laws_clean/Aeen-Nameh/اصلاح_آيين_نامه_اجرايي_قانون_معادن_14436814776219681382.txt
1d0d74a7ba04	2013	law	6	اصلاح آئين  نامه اجرايي قانون ثبت اختراعات، طرح  هاي صنعتي  و علائم تجاري	/Users/rohamhosseini/Documents/scraper simple/laws_clean/Aeen-Nameh/اصلاح_آئين__نامه_اجرايي_قانون_ثبت_اختراعات،_طرح__هاي_صنعتي__و_علائم_تجاري_5901153588692468152.txt
e022376fb891	1937	other	6	فصل ششم نظام نامه مربوط به حق الوكاله و هزينه مسافرت	/Users/rohamhosseini/Documents/scraper simple/laws_clean/Aeen-Nameh/فصل_ششم_نظام_نامه_مربوط_به_حق_الوكاله_و_هزينه_مسافرت_10056332446353735011.txt
c22814eab85e	2009	other	6	دستورالعمل رتبه بندي كارگزاران بورس اوراق بهادار تهران	/Users/rohamhosseini/Documents/scraper simple/laws_clean/Aeen-Nameh/دستورالعمل_رتبه_بندي_كارگزاران_بورس_اوراق_بهادار_تهران_674331438428362540.txt
a040583be311	2000	law	6	آيين نامه اجرايي بند  ك  تبصره  17  قانون بودجه سال 1378 كل كشور	/Users/rohamhosseini/Documents/scraper simple/laws_clean/Aeen-Nameh/آيين_نامه_اجرايي_بند__ك__تبصره__17__قانون_بودجه_سال_1378_كل_كشور_14370128151642741032.txt
410896f0e9f2	1999	other	6	اصلاح تبصره 2 ماده 4 آيين نامه اجرايي تشكيل واحد حراست صنعت نفت	/Users/rohamhosseini/Documents/scraper simple/laws_clean/Aeen-Nameh/اصلاح_تبصره_2_ماده_4_آيين_نامه_اجرايي_تشكيل_واحد_حراست_صنعت_نفت_8240540529573189403.txt
3b2f5f14c2ec	1990	decree	6	تصويبنامه راجع به اصلاح تبصره  3  ماده  62  آئيننامه اجرائي قانون مقررات صادرات و واردات	/Users/rohamhosseini/Documents/scraper simple/laws_clean/Aeen-Nameh/تصويبنامه_راجع_به_اصلاح_تبصره__3__ماده__62__آئيننامه_اجرائي_قانون_مقررات_صادرات_و_واردات_1134324238062214298.txt
ce6e39f07f96	1995	law	6	اصلاح آيين نامه اجرايي قانون ادامه استفا ... هيد ، جانباز ، اسير و مفقودالاثر شده اند	/Users/rohamhosseini/Documents/scraper simple/laws_clean/Aeen-Nameh/اصلاح_آيين_نامه_اجرايي_قانون_ادامه_استفا_..._هيد_،_جانباز_،_اسير_و_مفقودالاثر_شده_اند_3483571957034502788.txt
e6ddd14e9b45	1999	law	6	تنفيذ آيين نامه اجرايي قانون مقررات صادرات و واردات براي اجرا در سال 1378	/Users/rohamhosseini/Documents/scraper simple/laws_clean/Aeen-Nameh/تنفيذ_آيين_نامه_اجرايي_قانون_مقررات_صادرات_و_واردات_براي_اجرا_در_سال_1378_11272095482039973406.txt
cb2822c5a289	2013	other	6	دستورالعمل انضباطي نهادهاي مالي غيركارگزار	/Users/rohamhosseini/Documents/scraper simple/laws_clean/Aeen-Nameh/دستورالعمل_انضباطي_نهادهاي_مالي_غيركارگزار_10244627872582254893.txt
bfb45e53a185	2013	law	6	آيين نامه اجرايي تبصره  4  الحاقي جزء  2-3  قانون بودجه سال 1392 كل كشور	/Users/rohamhosseini/Documents/scraper simple/laws_clean/Aeen-Nameh/آيين_نامه_اجرايي_تبصره__4__الحاقي_جزء__2-3__قانون_بودجه_سال_1392_كل_كشور_305235381581955046.txt
ecbb4de8111e		law	6	آيين نامه اجرايي بند   25  ماده واحده قانون بودجه سال 1387 كل كشور	/Users/rohamhosseini/Documents/scraper simple/laws_clean/Aeen-Nameh/آيين_نامه_اجرايي_بند___25__ماده_واحده_قانون_بودجه_سال_1387_كل_كشور_6400294097314603820.txt
b2f2af06b3fb	1996	law	6	آيين نامه اجرايي بند  الف  تبصره  13  قانون بودجه سال 1375 كل كشور	/Users/rohamhosseini/Documents/scraper simple/laws_clean/Aeen-Nameh/آيين_نامه_اجرايي_بند__الف__تبصره__13__قانون_بودجه_سال_1375_كل_كشور_17283984589761128167.txt
98caed1942ea	1987	law	6	آيين نامه اجرايي بند  ج  تبصره 3 قانون بودجه سال 1366 كل كشور	/Users/rohamhosseini/Documents/scraper simple/laws_clean/Aeen-Nameh/_آيين_نامه_اجرايي_بند__ج__تبصره_3_قانون_بودجه_سال_1366_كل_كشور_3475025166095396269.txt
214b1388cb2c	2008	other	6	دستورالعمل اجرايي كميته پذيرش و نظارت بر مؤسسات حسابرسي معتمد سازمان بورس و اوراق بهادار	/Users/rohamhosseini/Documents/scraper simple/laws_clean/Aeen-Nameh/دستورالعمل_اجرايي_كميته_پذيرش_و_نظارت_بر_مؤسسات_حسابرسي_معتمد_سازمان_بورس_و_اوراق_بهادار_7958136236174914.txt
a1a2ef7de4c9	1992	decree	6	تصويبنامه راجع به تنفيذ آئيننامه اجرائي قانون مقررات صادرات و واردات جهت اجراء در سال 1371	/Users/rohamhosseini/Documents/scraper simple/laws_clean/Aeen-Nameh/تصويبنامه_راجع_به_تنفيذ_آئيننامه_اجرائي_قانون_مقررات_صادرات_و_واردات_جهت_اجراء_در_سال_1371_10544942156097218567.txt
